Word/Class,PosN,PosP,LogN,LogP
if,19,10,-4.781222129768451,-5.382407815110002
someone,3,1,-6.390660042202551,-7.087155907348428
orders,1,1,-7.083807222762497,-7.087155907348428
two,5,2,-5.985194934094387,-6.681690799240264
tacos,1,3,-7.083807222762497,-6.394008726788483
dont,23,2,-4.598900572974496,-6.681690799240264
you,26,31,-4.481117537318113,-4.314567185108647
think,12,2,-5.212005045860905,-6.681690799240264
it,70,44,-3.514274526281126,-3.9736405981380534
may,2,3,-6.678342114654332,-6.394008726788483
be,39,22,-4.088074949208505,-4.644808871979223
part,1,1,-7.083807222762497,-7.087155907348428
of,65,51,-3.587299661296016,-3.829059369326946
customer,3,2,-6.390660042202551,-6.681690799240264
service,35,41,-4.193435464866331,-4.042633469625005
to,113,78,-3.040755954927946,-3.410855235441352
ask,1,2,-7.083807222762497,-6.681690799240264
is,59,94,-3.6826098411003407,-3.2264261963078327
combo,1,0,-7.083807222762497,-7.780303087908373
or,9,8,-5.474369310328396,-5.583078510572154
ala,1,0,-7.083807222762497,-7.780303087908373
cart,1,0,-7.083807222762497,-7.780303087908373
they,20,30,-4.732431965599019,-4.346315883423227
were,29,33,-4.375757021660286,-4.253942563292212
excellent,0,9,-7.776954403322442,-5.477717994914328
not,85,18,-3.322607107068934,-4.835864108741933
much,14,3,-5.0689042022202315,-6.394008726788483
flavor,8,3,-5.579729825986222,-6.394008726788483
them,8,5,-5.579729825986222,-5.9885436186803185
and,143,199,-2.807141103746441,-2.4819857213603367
very,24,41,-4.558078578454241,-4.042633469625005
poorly,1,0,-7.083807222762497,-7.780303087908373
constructed,1,0,-7.083807222762497,-7.780303087908373
how,9,4,-5.474369310328396,-6.1708651754742725
can,8,7,-5.579729825986222,-5.700861546228538
call,1,0,-7.083807222762497,-7.780303087908373
yourself,3,0,-6.390660042202551,-7.780303087908373
a,107,99,-3.094823176198222,-3.175132901920282
steakhouse,1,0,-7.083807222762497,-7.780303087908373
cant,4,5,-6.1675164908883415,-5.9885436186803185
properly,1,0,-7.083807222762497,-7.780303087908373
cook,2,0,-6.678342114654332,-7.780303087908373
steak,4,8,-6.1675164908883415,-5.583078510572154
i,161,104,-2.6893580680900575,-3.12634273775085
understand,1,0,-7.083807222762497,-7.780303087908373
stay,2,1,-6.678342114654332,-7.087155907348428
in,39,52,-4.088074949208505,-3.8100111743562515
vegas,6,13,-5.831044254267129,-5.141245758293115
must,3,2,-6.390660042202551,-6.681690799240264
get,11,7,-5.292047753534441,-5.700861546228538
breakfast,2,5,-6.678342114654332,-5.9885436186803185
here,21,26,-4.685911949964126,-4.484466221904044
at,37,12,-4.1393682435960555,-5.215353730446837
least,3,1,-6.390660042202551,-7.087155907348428
once,2,5,-6.678342114654332,-5.9885436186803185
this,56,70,-3.7339031354878913,-3.517623210867058
place,40,52,-4.063382336618134,-3.8100111743562515
handsdown,0,1,-7.776954403322442,-7.087155907348428
one,15,9,-5.0043656810826604,-5.477717994914328
the,238,280,-2.300490851390931,-2.1419484185746276
best,8,20,-5.579729825986222,-4.73578065018495
places,2,3,-6.678342114654332,-6.394008726788483
eat,12,7,-5.212005045860905,-5.700861546228538
phoenix,1,3,-7.083807222762497,-6.394008726788483
metro,0,1,-7.776954403322442,-7.087155907348428
area,2,5,-6.678342114654332,-5.9885436186803185
both,1,5,-7.083807222762497,-5.9885436186803185
great,0,64,-7.776954403322442,-3.605915818012736
reasonably,0,2,-7.776954403322442,-6.681690799240264
priced,0,2,-7.776954403322442,-6.681690799240264
also,8,17,-5.579729825986222,-4.8899313300122085
im,10,9,-5.379059130524071,-5.477717994914328
so,28,34,-4.4096585733359674,-4.22495502641896
happy,0,7,-7.776954403322442,-5.700861546228538
bad,16,0,-4.943741059266226,-7.780303087908373
experience,8,10,-5.579729825986222,-5.382407815110002
all,17,23,-4.886582645426277,-4.602249257560428
have,26,29,-4.481117537318113,-4.379105706246218
say,7,7,-5.697512861642606,-5.700861546228538
food,58,54,-3.6994169594167223,-3.7729699026759023
was,134,129,-2.871679624884012,-2.912768637452791
amazing,0,21,-7.776954403322442,-4.689260634550058
cute,0,2,-7.776954403322442,-6.681690799240264
quaint,0,1,-7.776954403322442,-7.087155907348428
simple,0,2,-7.776954403322442,-6.681690799240264
honest,2,1,-6.678342114654332,-7.087155907348428
clean,2,3,-6.678342114654332,-6.394008726788483
oh,1,2,-7.083807222762497,-6.681690799240264
stale,3,0,-6.390660042202551,-7.780303087908373
overall,4,4,-6.1675164908883415,-6.1708651754742725
meh,2,0,-6.678342114654332,-7.780303087908373
after,10,2,-5.379059130524071,-6.681690799240264
waiting,5,0,-5.985194934094387,-7.780303087908373
an,12,15,-5.212005045860905,-5.007714365668592
hour,5,1,-5.985194934094387,-7.087155907348428
being,12,1,-5.212005045860905,-7.087155907348428
seated,2,2,-6.678342114654332,-6.681690799240264
greatest,1,0,-7.083807222762497,-7.780303087908373
moods,1,0,-7.083807222762497,-7.780303087908373
for,62,37,-3.633819676930909,-4.142716928181987
40,3,1,-6.390660042202551,-7.087155907348428
bucks,1,1,-7.083807222762497,-7.087155907348428
head,1,0,-7.083807222762497,-7.780303087908373
really,14,15,-5.0689042022202315,-5.007714365668592
expect,3,2,-6.390660042202551,-6.681690799240264
better,11,5,-5.292047753534441,-5.9885436186803185
updatewent,0,1,-7.776954403322442,-7.087155907348428
back,34,22,-4.221606341833028,-4.644808871979223
second,0,3,-7.776954403322442,-6.394008726788483
time,15,20,-5.0043656810826604,-4.73578065018495
still,5,5,-5.985194934094387,-5.9885436186803185
just,14,17,-5.0689042022202315,-4.8899313300122085
as,14,11,-5.0689042022202315,-5.295396438120373
pretty,8,10,-5.579729825986222,-5.382407815110002
gross,2,0,-6.678342114654332,-7.780303087908373
fly,2,0,-6.678342114654332,-7.780303087908373
my,32,29,-4.280446841855961,-4.379105706246218
apple,1,0,-7.083807222762497,-7.780303087908373
juice,1,0,-7.083807222762497,-7.780303087908373
everything,3,6,-6.390660042202551,-5.83439293885306
fresh,4,9,-6.1675164908883415,-5.477717994914328
delicious,0,22,-7.776954403322442,-4.644808871979223
potato,2,4,-6.678342114654332,-6.1708651754742725
chip,1,0,-7.083807222762497,-7.780303087908373
order,5,6,-5.985194934094387,-5.83439293885306
sad,4,0,-6.1675164908883415,-7.780303087908373
could,7,8,-5.697512861642606,-5.583078510572154
probably,9,0,-5.474369310328396,-7.780303087908373
count,1,0,-7.083807222762497,-7.780303087908373
many,5,2,-5.985194934094387,-6.681690799240264
chips,4,3,-6.1675164908883415,-6.394008726788483
that,38,22,-4.113392757192795,-4.644808871979223
box,1,0,-7.083807222762497,-7.780303087908373
around,5,2,-5.985194934094387,-6.681690799240264
12,3,0,-6.390660042202551,-7.780303087908373
each,2,4,-6.678342114654332,-6.1708651754742725
pasta,2,1,-6.678342114654332,-7.087155907348428
but,33,18,-4.2505938787062805,-4.835864108741933
love,3,15,-6.390660042202551,-5.007714365668592
homemade,0,3,-7.776954403322442,-6.394008726788483
hand,1,1,-7.083807222762497,-7.087155907348428
made,5,11,-5.985194934094387,-5.295396438120373
pastas,0,1,-7.776954403322442,-7.087155907348428
thin,1,3,-7.083807222762497,-6.394008726788483
pizzas,0,2,-7.776954403322442,-6.681690799240264
our,17,21,-4.886582645426277,-4.689260634550058
server,3,8,-6.390660042202551,-5.583078510572154
fantastic,0,11,-7.776954403322442,-5.295396438120373
when,9,8,-5.474369310328396,-5.583078510572154
he,7,10,-5.697512861642606,-5.382407815110002
found,4,3,-6.1675164908883415,-6.394008726788483
out,10,10,-5.379059130524071,-5.382407815110002
wife,2,1,-6.678342114654332,-7.087155907348428
loves,0,1,-7.776954403322442,-7.087155907348428
roasted,1,1,-7.083807222762497,-7.087155907348428
garlic,1,1,-7.083807222762497,-7.087155907348428
bone,0,1,-7.776954403322442,-7.087155907348428
marrow,0,2,-7.776954403322442,-6.681690799240264
added,0,2,-7.776954403322442,-6.681690799240264
extra,0,2,-7.776954403322442,-6.681690799240264
meal,3,5,-6.390660042202551,-5.9885436186803185
another,9,1,-5.474369310328396,-7.087155907348428
go,24,16,-4.558078578454241,-4.947089743852158
ordered,8,4,-5.579729825986222,-6.1708651754742725
lemon,0,1,-7.776954403322442,-7.087155907348428
raspberry,0,1,-7.776954403322442,-7.087155907348428
ice,1,3,-7.083807222762497,-6.394008726788483
cocktail,0,1,-7.776954403322442,-7.087155907348428
which,11,8,-5.292047753534441,-5.583078510572154
incredible,0,4,-7.776954403322442,-6.1708651754742725
terrible,9,0,-5.474369310328396,-7.780303087908373
walked,1,1,-7.083807222762497,-7.087155907348428
smelled,1,0,-7.083807222762497,-7.780303087908373
like,25,16,-4.5188578653009595,-4.947089743852158
old,4,1,-6.1675164908883415,-7.087155907348428
grease,2,0,-6.678342114654332,-7.780303087908373
trap,1,0,-7.083807222762497,-7.780303087908373
only,12,10,-5.212005045860905,-5.382407815110002
2,5,2,-5.985194934094387,-6.681690799240264
others,2,0,-6.678342114654332,-7.780303087908373
there,24,5,-4.558078578454241,-5.9885436186803185
eating,5,1,-5.985194934094387,-7.087155907348428
weekly,0,1,-7.776954403322442,-7.087155907348428
haunt,0,1,-7.776954403322442,-7.087155907348428
definitely,7,9,-5.697512861642606,-5.477717994914328
come,2,8,-6.678342114654332,-5.583078510572154
every,1,7,-7.083807222762497,-5.700861546228538
while,1,5,-7.083807222762497,-5.9885436186803185
rich,0,1,-7.776954403322442,-7.087155907348428
accordingly,0,1,-7.776954403322442,-7.087155907348428
will,22,15,-4.6414601873932915,-5.007714365668592
long,5,0,-5.985194934094387,-7.780303087908373
sangria,1,0,-7.083807222762497,-7.780303087908373
about,8,5,-5.579729825986222,-5.9885436186803185
half,2,0,-6.678342114654332,-7.780303087908373
glass,1,0,-7.083807222762497,-7.780303087908373
wine,2,2,-6.678342114654332,-6.681690799240264
full,2,2,-6.678342114654332,-6.681690799240264
ridiculous,1,0,-7.083807222762497,-7.780303087908373
good,18,65,-4.832515424156001,-3.590648345881948
bbq,0,1,-7.776954403322442,-7.087155907348428
lighter,0,1,-7.776954403322442,-7.087155907348428
fare,1,1,-7.083807222762497,-7.087155907348428
reasonable,0,5,-7.776954403322442,-5.9885436186803185
pricing,1,1,-7.083807222762497,-7.087155907348428
tell,3,3,-6.390660042202551,-6.394008726788483
public,0,1,-7.776954403322442,-7.087155907348428
are,22,29,-4.6414601873932915,-4.379105706246218
ways,0,1,-7.776954403322442,-7.087155907348428
never,19,4,-4.781222129768451,-6.1708651754742725
going,13,4,-5.137897073707183,-6.1708651754742725
waiter,5,2,-5.985194934094387,-6.681690799240264
jerk,1,0,-7.083807222762497,-7.780303087908373
unfortunately,4,0,-6.1675164908883415,-7.780303087908373
we,42,34,-4.015754287628879,-4.22495502641896
hit,1,4,-7.083807222762497,-6.1708651754742725
bakery,1,1,-7.083807222762497,-7.087155907348428
on,21,29,-4.685911949964126,-4.379105706246218
leftover,1,0,-7.083807222762497,-7.780303087908373
day,4,4,-6.1675164908883415,-6.1708651754742725
because,8,4,-5.579729825986222,-6.1708651754742725
ever,18,9,-4.832515424156001,-5.477717994914328
recommended,1,2,-7.083807222762497,-6.681690799240264
anyone,1,1,-7.083807222762497,-7.087155907348428
over,6,2,-5.831044254267129,-6.681690799240264
rated,2,0,-6.678342114654332,-7.780303087908373
fine,0,2,-7.776954403322442,-6.681690799240264
waitress,3,5,-6.390660042202551,-5.9885436186803185
friendly,2,20,-6.678342114654332,-4.73578065018495
arent,1,0,-7.083807222762497,-7.780303087908373
ones,1,0,-7.083807222762497,-7.780303087908373
make,4,3,-6.1675164908883415,-6.394008726788483
scene,1,0,-7.083807222762497,-7.780303087908373
restaurants,3,0,-6.390660042202551,-7.780303087908373
itdefinitely,1,0,-7.083807222762497,-7.780303087908373
lost,2,0,-6.678342114654332,-7.780303087908373
look,4,0,-6.1675164908883415,-7.780303087908373
authentic,2,4,-6.678342114654332,-6.1708651754742725
thai,2,3,-6.678342114654332,-6.394008726788483
else,2,0,-6.678342114654332,-7.780303087908373
where,2,3,-6.678342114654332,-6.394008726788483
do,9,2,-5.474369310328396,-6.681690799240264
waste,5,0,-5.985194934094387,-7.780303087908373
your,15,8,-5.0043656810826604,-5.583078510572154
money,5,0,-5.985194934094387,-7.780303087908373
enjoyed,0,4,-7.776954403322442,-6.1708651754742725
mouthful,0,1,-7.776954403322442,-7.087155907348428
enjoyable,0,1,-7.776954403322442,-7.087155907348428
relaxed,0,1,-7.776954403322442,-7.087155907348428
venue,0,1,-7.776954403322442,-7.087155907348428
couples,0,1,-7.776954403322442,-7.087155907348428
small,3,3,-6.390660042202551,-6.394008726788483
family,1,6,-7.083807222762497,-5.83439293885306
groups,0,1,-7.776954403322442,-7.087155907348428
etc,0,1,-7.776954403322442,-7.087155907348428
wont,13,4,-5.137897073707183,-6.1708651754742725
anytime,5,0,-5.985194934094387,-7.780303087908373
soon,7,2,-5.697512861642606,-6.681690799240264
nothing,6,1,-5.831044254267129,-7.087155907348428
me,11,6,-5.292047753534441,-5.83439293885306
postinos,1,0,-7.083807222762497,-7.780303087908373
hope,1,2,-7.083807222762497,-6.681690799240264
greedy,1,0,-7.083807222762497,-7.780303087908373
corporation,1,0,-7.083807222762497,-7.780303087908373
see,4,2,-6.1675164908883415,-6.681690799240264
dime,1,0,-7.083807222762497,-7.780303087908373
from,16,8,-4.943741059266226,-5.583078510572154
want,5,6,-5.985194934094387,-5.83439293885306
first,3,12,-6.390660042202551,-5.215353730446837
had,30,33,-4.342967198837296,-4.253942563292212
perfect,0,10,-7.776954403322442,-5.382407815110002
kept,3,1,-6.390660042202551,-7.087155907348428
looking,2,0,-6.678342114654332,-7.780303087908373
become,1,1,-7.083807222762497,-7.087155907348428
35,3,0,-6.390660042202551,-7.780303087908373
minutes,19,0,-4.781222129768451,-7.780303087908373
yet,2,1,-6.678342114654332,-7.087155907348428
no,22,1,-4.6414601873932915,-7.087155907348428
veggitarian,0,1,-7.776954403322442,-7.087155907348428
platter,0,1,-7.776954403322442,-7.087155907348428
world,0,2,-7.776954403322442,-6.681690799240264
main,1,0,-7.083807222762497,-7.780303087908373
thing,2,5,-6.678342114654332,-5.9885436186803185
didnt,7,4,-5.697512861642606,-6.1708651754742725
enjoy,4,2,-6.1675164908883415,-6.681690799240264
crowd,2,0,-6.678342114654332,-7.780303087908373
older,1,0,-7.083807222762497,-7.780303087908373
mid,2,0,-6.678342114654332,-7.780303087908373
30s,1,0,-7.083807222762497,-7.780303087908373
up,16,7,-4.943741059266226,-5.700861546228538
know,6,3,-5.831044254267129,-6.394008726788483
what,12,8,-5.212005045860905,-5.583078510572154
kind,2,2,-6.678342114654332,-6.681690799240264
iced,0,1,-7.776954403322442,-7.087155907348428
tea,1,2,-7.083807222762497,-6.681690799240264
serve,0,2,-7.776954403322442,-6.681690799240264
with,27,41,-4.444749893147238,-4.042633469625005
vinaigrette,0,1,-7.776954403322442,-7.087155907348428
dish,3,5,-6.390660042202551,-5.9885436186803185
sucked,4,0,-6.1675164908883415,-7.780303087908373
expected,1,1,-7.083807222762497,-7.087155907348428
more,10,4,-5.379059130524071,-6.1708651754742725
than,8,4,-5.579729825986222,-6.1708651754742725
imagined,1,0,-7.083807222762497,-7.780303087908373
far,3,4,-6.390660042202551,-6.1708651754742725
too,9,4,-5.474369310328396,-6.1708651754742725
ive,10,6,-5.379059130524071,-5.83439293885306
seen,2,0,-6.678342114654332,-7.780303087908373
any,6,5,-5.831044254267129,-5.9885436186803185
restaurant,8,17,-5.579729825986222,-4.8899313300122085
serves,1,0,-7.083807222762497,-7.780303087908373
1,3,0,-6.390660042202551,-7.780303087908373
egg,1,2,-7.083807222762497,-6.681690799240264
especially,1,1,-7.083807222762497,-7.087155907348428
400,1,0,-7.083807222762497,-7.780303087908373
interesting,0,3,-7.776954403322442,-6.394008726788483
decor,0,3,-7.776954403322442,-6.394008726788483
anyway,1,1,-7.083807222762497,-7.087155907348428
fs,0,1,-7.776954403322442,-7.087155907348428
has,5,9,-5.985194934094387,-5.477717994914328
wonderful,0,6,-7.776954403322442,-5.83439293885306
breakfastlunch,0,1,-7.776954403322442,-7.087155907348428
town,0,6,-7.776954403322442,-5.83439293885306
said,4,2,-6.1675164908883415,-6.681690799240264
mouths,0,1,-7.776954403322442,-7.087155907348428
bellies,0,1,-7.776954403322442,-7.087155907348428
quite,2,5,-6.678342114654332,-5.9885436186803185
pleased,0,3,-7.776954403322442,-6.394008726788483
point,1,1,-7.083807222762497,-7.087155907348428
finger,0,1,-7.776954403322442,-7.087155907348428
item,0,1,-7.776954403322442,-7.087155907348428
menu,2,11,-6.678342114654332,-5.295396438120373
disappointed,12,5,-5.212005045860905,-5.9885436186803185
maybe,2,0,-6.678342114654332,-7.780303087908373
werent,1,0,-7.083807222762497,-7.780303087908373
cold,5,1,-5.985194934094387,-7.087155907348428
would,19,6,-4.781222129768451,-5.83439293885306
been,12,8,-5.212005045860905,-5.583078510572154
somewhat,1,0,-7.083807222762497,-7.780303087908373
edible,3,0,-6.390660042202551,-7.780303087908373
chipolte,1,0,-7.083807222762497,-7.780303087908373
ranch,1,0,-7.083807222762497,-7.780303087908373
dipping,1,0,-7.083807222762497,-7.780303087908373
sause,1,0,-7.083807222762497,-7.780303087908373
tasteless,3,0,-6.390660042202551,-7.780303087908373
seemed,2,0,-6.678342114654332,-7.780303087908373
watered,1,0,-7.083807222762497,-7.780303087908373
down,7,1,-5.697512861642606,-7.087155907348428
heat,1,1,-7.083807222762497,-7.087155907348428
selection,2,8,-6.678342114654332,-5.583078510572154
buffet,3,6,-6.390660042202551,-5.83439293885306
offered,1,0,-7.083807222762497,-7.780303087908373
bland,11,0,-5.292047753534441,-7.780303087908373
lot,2,3,-6.678342114654332,-6.394008726788483
promise,1,1,-7.083807222762497,-7.087155907348428
fails,1,0,-7.083807222762497,-7.780303087908373
deliver,1,0,-7.083807222762497,-7.780303087908373
lunch,5,3,-5.985194934094387,-6.394008726788483
its,9,10,-5.474369310328396,-5.382407815110002
close,1,2,-7.083807222762497,-6.681690799240264
house,1,2,-7.083807222762497,-6.681690799240264
lowkey,0,1,-7.776954403322442,-7.087155907348428
nonfancy,0,1,-7.776954403322442,-7.087155907348428
affordable,0,1,-7.776954403322442,-7.087155907348428
prices,1,8,-7.083807222762497,-5.583078510572154
nice,3,18,-6.390660042202551,-4.835864108741933
gratuity,0,1,-7.776954403322442,-7.087155907348428
bill,2,1,-6.678342114654332,-7.087155907348428
since,2,3,-6.678342114654332,-6.394008726788483
party,0,3,-7.776954403322442,-6.394008726788483
larger,0,1,-7.776954403322442,-7.087155907348428
6,0,1,-7.776954403322442,-7.087155907348428
8,1,2,-7.083807222762497,-6.681690799240264
tip,2,1,-6.678342114654332,-7.087155907348428
am,3,2,-6.390660042202551,-6.681690799240264
review,1,1,-7.083807222762497,-7.087155907348428
twice,1,4,-7.083807222762497,-6.1708651754742725
hereas,0,1,-7.776954403322442,-7.087155907348428
tribute,0,2,-7.776954403322442,-6.681690799240264
event,0,1,-7.776954403322442,-7.087155907348428
held,0,1,-7.776954403322442,-7.087155907348428
last,2,2,-6.678342114654332,-6.681690799240264
night,3,7,-6.390660042202551,-5.700861546228538
few,6,2,-5.831044254267129,-6.681690799240264
people,7,1,-5.697512861642606,-7.087155907348428
ians,1,0,-7.083807222762497,-7.780303087908373
sticks,0,2,-7.776954403322442,-6.681690799240264
did,11,7,-5.292047753534441,-5.700861546228538
prime,0,1,-7.776954403322442,-7.087155907348428
rib,0,1,-7.776954403322442,-7.087155907348428
dessert,1,4,-7.083807222762497,-6.1708651754742725
section,0,1,-7.776954403322442,-7.087155907348428
due,1,0,-7.083807222762497,-7.780303087908373
fact,1,3,-7.083807222762497,-6.394008726788483
took,7,0,-5.697512861642606,-7.780303087908373
20,3,0,-6.390660042202551,-7.780303087908373
acknowledged,2,0,-6.678342114654332,-7.780303087908373
then,7,1,-5.697512861642606,-7.087155907348428
foodand,1,0,-7.083807222762497,-7.780303087908373
forgetting,1,0,-7.083807222762497,-7.780303087908373
things,2,2,-6.678342114654332,-6.681690799240264
salad,8,5,-5.579729825986222,-5.9885436186803185
wings,2,1,-6.678342114654332,-7.087155907348428
some,9,10,-5.474369310328396,-5.382407815110002
cream,1,2,-7.083807222762497,-6.681690799240264
left,2,2,-6.678342114654332,-6.681690799240264
feeling,0,2,-7.776954403322442,-6.681690799240264
satisfied,0,1,-7.776954403322442,-7.087155907348428
fish,3,2,-6.390660042202551,-6.681690799240264
life,0,1,-7.776954403322442,-7.087155907348428
boring,1,0,-7.083807222762497,-7.780303087908373
got,13,3,-5.137897073707183,-6.394008726788483
outta,1,0,-7.083807222762497,-7.780303087908373
appetite,1,0,-7.083807222762497,-7.780303087908373
instantly,1,0,-7.083807222762497,-7.780303087908373
gone,2,1,-6.678342114654332,-7.087155907348428
pho,3,3,-6.390660042202551,-6.394008726788483
insulted,3,0,-6.390660042202551,-7.780303087908373
total,3,0,-6.390660042202551,-7.780303087908373
terrific,0,1,-7.776954403322442,-7.087155907348428
thrilled,0,1,-7.776954403322442,-7.087155907348428
accommodations,0,1,-7.776954403322442,-7.087155907348428
vegetarian,1,2,-7.083807222762497,-6.681690799240264
daughter,0,1,-7.776954403322442,-7.087155907348428
came,9,8,-5.474369310328396,-5.583078510572154
today,1,3,-7.083807222762497,-6.394008726788483
relocated,1,0,-7.083807222762497,-7.780303087908373
impressed,5,1,-5.985194934094387,-7.087155907348428
seafood,2,3,-6.678342114654332,-6.394008726788483
generous,0,3,-7.776954403322442,-6.394008726788483
portion,0,2,-7.776954403322442,-6.681690799240264
stopped,0,2,-7.776954403322442,-6.681690799240264
by,7,11,-5.697512861642606,-5.295396438120373
madison,0,1,-7.776954403322442,-7.087155907348428
ironman,0,1,-7.776954403322442,-7.087155907348428
staff,3,13,-6.390660042202551,-5.141245758293115
summarize,0,1,-7.776954403322442,-7.087155907348428
nay,0,1,-7.776954403322442,-7.087155907348428
transcendant,0,1,-7.776954403322442,-7.087155907348428
brings,0,1,-7.776954403322442,-7.087155907348428
joy,0,1,-7.776954403322442,-7.087155907348428
memory,0,1,-7.776954403322442,-7.087155907348428
pneumatic,0,1,-7.776954403322442,-7.087155907348428
condiment,0,1,-7.776954403322442,-7.087155907348428
dispenser,0,1,-7.776954403322442,-7.087155907348428
id,2,2,-6.678342114654332,-6.681690799240264
rather,3,0,-6.390660042202551,-7.780303087908373
airline,1,0,-7.083807222762497,-7.780303087908373
seriously,3,3,-6.390660042202551,-6.394008726788483
crema,0,1,-7.776954403322442,-7.087155907348428
cafã©,0,1,-7.776954403322442,-7.087155907348428
before,5,1,-5.985194934094387,-7.087155907348428
expanded,0,1,-7.776954403322442,-7.087155907348428
even,8,10,-5.579729825986222,-5.382407815110002
told,1,2,-7.083807222762497,-6.681690799240264
friends,3,3,-6.390660042202551,-6.394008726788483
ambience,0,3,-7.776954403322442,-6.394008726788483
music,1,2,-7.083807222762497,-6.681690799240264
playing,0,2,-7.776954403322442,-6.681690799240264
hard,6,0,-5.831044254267129,-7.780303087908373
mess,1,0,-7.083807222762497,-7.780303087908373
jalapeno,0,1,-7.776954403322442,-7.087155907348428
bacon,0,5,-7.776954403322442,-5.9885436186803185
soooo,0,2,-7.776954403322442,-6.681690799240264
eclectic,0,1,-7.776954403322442,-7.087155907348428
awesome,0,11,-7.776954403322442,-5.295396438120373
meat,6,2,-5.831044254267129,-6.681690799240264
dry,4,0,-6.1675164908883415,-7.780303087908373
sliced,1,1,-7.083807222762497,-7.087155907348428
brisket,1,0,-7.083807222762497,-7.780303087908373
pulled,2,1,-6.678342114654332,-7.087155907348428
pork,1,3,-7.083807222762497,-6.394008726788483
sure,6,2,-5.831044254267129,-6.681690799240264
does,1,0,-7.083807222762497,-7.780303087908373
beat,2,1,-6.678342114654332,-7.087155907348428
nachos,1,0,-7.083807222762497,-7.780303087908373
movies,1,0,-7.083807222762497,-7.780303087908373
little,5,4,-5.985194934094387,-6.1708651754742725
bit,7,1,-5.697512861642606,-7.087155907348428
coming,6,2,-5.831044254267129,-6.681690799240264
5,1,7,-7.083807222762497,-5.700861546228538
strings,1,0,-7.083807222762497,-7.780303087908373
bottom,1,0,-7.083807222762497,-7.780303087908373
3,3,1,-6.390660042202551,-7.087155907348428
times,9,4,-5.474369310328396,-6.1708651754742725
gave,2,1,-6.678342114654332,-7.087155907348428
trying,2,0,-6.678342114654332,-7.780303087908373
crust,2,0,-6.678342114654332,-7.780303087908373
teeth,1,0,-7.083807222762497,-7.780303087908373
sore,1,0,-7.083807222762497,-7.780303087908373
whole,1,1,-7.083807222762497,-7.087155907348428
underwhelming,1,0,-7.083807222762497,-7.780303087908373
well,9,4,-5.474369310328396,-6.1708651754742725
ninja,1,0,-7.083807222762497,-7.780303087908373
sushi,7,6,-5.697512861642606,-5.83439293885306
next,6,5,-5.831044254267129,-5.9885436186803185
car,2,0,-6.678342114654332,-7.780303087908373
waited,9,0,-5.474369310328396,-7.780303087908373
15,1,0,-7.083807222762497,-7.780303087908373
passed,2,0,-6.678342114654332,-7.780303087908373
atrocious,1,0,-7.083807222762497,-7.780303087908373
return,4,1,-6.1675164908883415,-7.087155907348428
need,1,2,-7.083807222762497,-6.681690799240264
pack,0,1,-7.776954403322442,-7.087155907348428
togo,0,1,-7.776954403322442,-7.087155907348428
tiramisu,0,1,-7.776954403322442,-7.087155907348428
cannoli,0,1,-7.776954403322442,-7.087155907348428
die,0,1,-7.776954403322442,-7.087155907348428
disgusted,1,0,-7.083807222762497,-7.780303087908373
human,2,0,-6.678342114654332,-7.780303087908373
hair,2,0,-6.678342114654332,-7.780303087908373
note,1,1,-7.083807222762497,-7.087155907348428
ventilation,1,0,-7.083807222762497,-7.780303087908373
use,2,0,-6.678342114654332,-7.780303087908373
upgrading,1,0,-7.083807222762497,-7.780303087908373
extremely,4,0,-6.1675164908883415,-7.780303087908373
slow,11,0,-5.292047753534441,-7.780303087908373
cashier,1,1,-7.083807222762497,-7.087155907348428
brought,2,1,-6.678342114654332,-7.087155907348428
receives,0,1,-7.776954403322442,-7.087155907348428
stars,7,8,-5.697512861642606,-5.583078510572154
their,11,16,-5.292047753534441,-4.947089743852158
appetizers,0,2,-7.776954403322442,-6.681690799240264
arrived,2,1,-6.678342114654332,-7.087155907348428
gyros,1,1,-7.083807222762497,-7.087155907348428
missing,1,0,-7.083807222762497,-7.780303087908373
thumbs,1,3,-7.083807222762497,-6.394008726788483
upway,0,1,-7.776954403322442,-7.087155907348428
why,3,0,-6.390660042202551,-7.780303087908373
these,3,2,-6.390660042202551,-6.681690799240264
vegetables,3,1,-6.390660042202551,-7.087155907348428
overcooked,2,0,-6.678342114654332,-7.780303087908373
girlfriends,1,0,-7.083807222762497,-7.780303087908373
veal,1,0,-7.083807222762497,-7.780303087908373
now,3,6,-6.390660042202551,-5.83439293885306
pizza,4,9,-6.1675164908883415,-5.477717994914328
itself,2,2,-6.678342114654332,-6.681690799240264
peanut,0,1,-7.776954403322442,-7.087155907348428
sauce,4,6,-6.1675164908883415,-5.83439293885306
tasty,3,7,-6.390660042202551,-5.700861546228538
rude,5,0,-5.985194934094387,-7.780303087908373
other,7,2,-5.697512861642606,-6.681690799240264
dine,1,1,-7.083807222762497,-7.087155907348428
during,2,3,-6.678342114654332,-6.394008726788483
weekend,1,0,-7.083807222762497,-7.780303087908373
lighting,0,1,-7.776954403322442,-7.087155907348428
dark,0,2,-7.776954403322442,-6.681690799240264
enough,4,4,-6.1675164908883415,-6.1708651754742725
set,1,1,-7.083807222762497,-7.087155907348428
mood,0,1,-7.776954403322442,-7.087155907348428
boyfriend,0,2,-7.776954403322442,-6.681690799240264
tried,2,4,-6.678342114654332,-6.1708651754742725
mediterranean,0,1,-7.776954403322442,-7.087155907348428
chicken,6,6,-5.831044254267129,-5.83439293885306
fell,1,1,-7.083807222762497,-7.087155907348428
always,2,11,-6.678342114654332,-5.295396438120373
changing,1,0,-7.083807222762497,-7.780303087908373
quality,7,5,-5.697512861642606,-5.9885436186803185
week,0,1,-7.776954403322442,-7.087155907348428
different,1,1,-7.083807222762497,-7.087155907348428
deal,2,3,-6.678342114654332,-6.394008726788483
kabuki,1,0,-7.083807222762497,-7.780303087908373
overpriced,7,0,-5.697512861642606,-7.780303087908373
overhip,1,0,-7.083807222762497,-7.780303087908373
underservices,1,0,-7.083807222762497,-7.780303087908373
dining,4,3,-6.1675164908883415,-6.394008726788483
space,0,1,-7.776954403322442,-7.087155907348428
tiny,0,1,-7.776954403322442,-7.087155907348428
elegantly,0,1,-7.776954403322442,-7.087155907348428
decorated,0,2,-7.776954403322442,-6.681690799240264
comfortable,0,2,-7.776954403322442,-6.681690799240264
quick,1,4,-7.083807222762497,-6.1708651754742725
horrible,5,0,-5.985194934094387,-7.780303087908373
regular,0,3,-7.776954403322442,-6.394008726788483
toasted,1,1,-7.083807222762497,-7.087155907348428
bread,0,5,-7.776954403322442,-5.9885436186803185
equally,1,2,-7.083807222762497,-6.681690799240264
satisfying,0,2,-7.776954403322442,-6.681690799240264
occasional,0,1,-7.776954403322442,-7.087155907348428
pats,0,1,-7.776954403322442,-7.087155907348428
butter,0,3,-7.776954403322442,-6.394008726788483
mmmm,0,1,-7.776954403322442,-7.087155907348428
spot,0,8,-7.776954403322442,-5.583078510572154
consider,1,0,-7.083807222762497,-7.780303087908373
theft,1,0,-7.083807222762497,-7.780303087908373
conclusion,0,1,-7.776954403322442,-7.087155907348428
filling,1,1,-7.083807222762497,-7.087155907348428
meals,2,1,-6.678342114654332,-7.087155907348428
again,14,8,-5.0689042022202315,-5.583078510572154
appetizer,1,0,-7.083807222762497,-7.780303087908373
10,5,0,-5.985194934094387,-7.780303087908373
big,2,1,-6.678342114654332,-7.087155907348428
bay,2,2,-6.678342114654332,-6.681690799240264
plater,1,0,-7.083807222762497,-7.780303087908373
assure,0,2,-7.776954403322442,-6.681690799240264
rolls,1,2,-7.083807222762497,-6.681690799240264
spicy,2,6,-6.678342114654332,-5.83439293885306
actually,1,1,-7.083807222762497,-7.087155907348428
simply,2,0,-6.678342114654332,-7.780303087908373
disappointment,4,0,-6.1675164908883415,-7.780303087908373
though,1,3,-7.083807222762497,-6.394008726788483
wed,0,1,-7.776954403322442,-7.087155907348428
thoroughly,1,0,-7.083807222762497,-7.780303087908373
crawfish,0,1,-7.776954403322442,-7.087155907348428
flavors,0,1,-7.776954403322442,-7.087155907348428
home,3,2,-6.390660042202551,-6.681690799240264
slaw,0,1,-7.776954403322442,-7.087155907348428
drenched,0,1,-7.776954403322442,-7.087155907348428
mayo,0,1,-7.776954403322442,-7.087155907348428
work,1,0,-7.083807222762497,-7.780303087908373
hospitality,1,0,-7.083807222762497,-7.780303087908373
industry,1,0,-7.083807222762497,-7.780303087908373
paradise,1,0,-7.083807222762497,-7.780303087908373
valley,2,0,-6.678342114654332,-7.780303087908373
refrained,1,0,-7.083807222762497,-7.780303087908373
recommending,1,0,-7.083807222762497,-7.780303087908373
cibo,1,0,-7.083807222762497,-7.780303087908373
longer,2,0,-6.678342114654332,-7.780303087908373
take,5,2,-5.985194934094387,-6.681690799240264
parents,1,0,-7.083807222762497,-7.780303087908373
most,1,0,-7.083807222762497,-7.780303087908373
similar,1,0,-7.083807222762497,-7.780303087908373
complaints,1,1,-7.083807222762497,-7.087155907348428
silently,1,0,-7.083807222762497,-7.780303087908373
felt,6,2,-5.831044254267129,-6.681690799240264
outshining,0,1,-7.776954403322442,-7.087155907348428
recommend,4,4,-6.1675164908883415,-6.1708651754742725
halibut,0,1,-7.776954403322442,-7.087155907348428
sandwich,2,6,-6.678342114654332,-5.83439293885306
firehouse,0,1,-7.776954403322442,-7.087155907348428
reason,1,0,-7.083807222762497,-7.780303087908373
fill,1,0,-7.083807222762497,-7.780303087908373
binge,1,0,-7.083807222762497,-7.780303087908373
drinking,1,0,-7.083807222762497,-7.780303087908373
carbs,1,0,-7.083807222762497,-7.780303087908373
stomach,2,0,-6.678342114654332,-7.780303087908373
convenient,0,1,-7.776954403322442,-7.087155907348428
staying,1,1,-7.083807222762497,-7.087155907348428
mgm,0,1,-7.776954403322442,-7.087155907348428
atmosphere,1,9,-7.083807222762497,-5.477717994914328
fast,1,4,-7.083807222762497,-6.1708651754742725
possible,3,1,-6.390660042202551,-7.087155907348428
give,7,2,-5.697512861642606,-6.681690799240264
zero,5,0,-5.985194934094387,-7.780303087908373
theyd,1,0,-7.083807222762497,-7.780303087908373
barely,4,0,-6.1675164908883415,-7.780303087908373
touched,1,0,-7.083807222762497,-7.780303087908373
thought,2,3,-6.678342114654332,-6.394008726788483
average,4,0,-6.1675164908883415,-7.780303087908373
bars,1,1,-7.083807222762497,-7.087155907348428
recall,1,0,-7.083807222762497,-7.780303087908373
charged,1,0,-7.083807222762497,-7.780303087908373
tap,1,1,-7.083807222762497,-7.087155907348428
water,3,0,-6.390660042202551,-7.780303087908373
sexy,0,1,-7.776954403322442,-7.087155907348428
mouth,0,3,-7.776954403322442,-6.394008726788483
youre,0,3,-7.776954403322442,-6.394008726788483
outrageously,0,1,-7.776954403322442,-7.087155907348428
flirting,0,1,-7.776954403322442,-7.087155907348428
hottest,0,1,-7.776954403322442,-7.087155907348428
person,0,1,-7.776954403322442,-7.087155907348428
couple,0,2,-7.776954403322442,-6.681690799240264
drinks,2,2,-6.678342114654332,-6.681690799240264
watch,0,2,-7.776954403322442,-6.681690799240264
sporting,0,1,-7.776954403322442,-7.087155907348428
events,0,1,-7.776954403322442,-7.087155907348428
walls,0,1,-7.776954403322442,-7.087155907348428
covered,0,1,-7.776954403322442,-7.087155907348428
tvs,0,1,-7.776954403322442,-7.087155907348428
strip,1,2,-7.083807222762497,-6.681690799240264
tender,0,5,-7.776954403322442,-5.9885436186803185
wait,10,3,-5.379059130524071,-6.394008726788483
served,3,2,-6.390660042202551,-6.681690799240264
hot,2,4,-6.678342114654332,-6.1708651754742725
bits,0,1,-7.776954403322442,-7.087155907348428
topvery,0,1,-7.776954403322442,-7.087155907348428
original,0,1,-7.776954403322442,-7.087155907348428
healthy,0,3,-7.776954403322442,-6.394008726788483
ethic,0,1,-7.776954403322442,-7.087155907348428
try,3,5,-6.390660042202551,-5.9885436186803185
wasnt,12,0,-5.212005045860905,-7.780303087908373
helpful,1,2,-7.083807222762497,-6.681690799240264
rarely,2,0,-6.678342114654332,-7.780303087908373
checked,1,1,-7.083807222762497,-7.087155907348428
us,9,6,-5.474369310328396,-5.83439293885306
luck,1,0,-7.083807222762497,-7.780303087908373
noncustomer,1,0,-7.083807222762497,-7.780303087908373
focused,2,0,-6.678342114654332,-7.780303087908373
new,2,3,-6.678342114654332,-6.394008726788483
management,5,0,-5.985194934094387,-7.780303087908373
fun,0,4,-7.776954403322442,-6.1708651754742725
yaall,1,0,-7.083807222762497,-7.780303087908373
sitdown,0,1,-7.776954403322442,-7.087155907348428
together,0,1,-7.776954403322442,-7.087155907348428
avoid,4,0,-6.1675164908883415,-7.780303087908373
mirage,1,0,-7.083807222762497,-7.780303087908373
performed,0,1,-7.776954403322442,-7.087155907348428
par,2,0,-6.678342114654332,-7.780303087908373
either,4,0,-6.1675164908883415,-7.780303087908373
months,0,1,-7.776954403322442,-7.087155907348428
later,0,1,-7.776954403322442,-7.087155907348428
returned,0,1,-7.776954403322442,-7.087155907348428
classics,1,0,-7.083807222762497,-7.780303087908373
dishes,3,4,-6.390660042202551,-6.1708651754742725
sorely,1,0,-7.083807222762497,-7.780303087908373
frozen,3,0,-6.390660042202551,-7.780303087908373
pucks,1,0,-7.083807222762497,-7.780303087908373
disgust,1,0,-7.083807222762497,-7.780303087908373
worst,12,1,-5.212005045860905,-7.087155907348428
behind,1,0,-7.083807222762497,-7.780303087908373
register,1,0,-7.083807222762497,-7.780303087908373
glance,0,1,-7.776954403322442,-7.087155907348428
lovely,0,2,-7.776954403322442,-6.681690799240264
cafe,1,1,-7.083807222762497,-7.087155907348428
ambiance,1,5,-7.083807222762497,-5.9885436186803185
pan,1,0,-7.083807222762497,-7.780303087908373
cakes,1,0,-7.083807222762497,-7.780303087908373
everyone,2,2,-6.678342114654332,-6.681690799240264
raving,1,0,-7.083807222762497,-7.780303087908373
taste,6,7,-5.831044254267129,-5.700861546228538
sugary,2,0,-6.678342114654332,-7.780303087908373
disaster,1,0,-7.083807222762497,-7.780303087908373
tailored,1,0,-7.083807222762497,-7.780303087908373
palate,1,0,-7.083807222762497,-7.780303087908373
six,2,0,-6.678342114654332,-7.780303087908373
year,1,0,-7.083807222762497,-7.780303087908373
liked,1,2,-7.083807222762497,-6.681690799240264
patio,0,3,-7.776954403322442,-6.394008726788483
outstanding,0,3,-7.776954403322442,-6.394008726788483
del,1,0,-7.083807222762497,-7.780303087908373
taco,1,1,-7.083807222762497,-7.087155907348428
nasty,3,0,-6.390660042202551,-7.780303087908373
should,4,0,-6.1675164908883415,-7.780303087908373
avoided,1,0,-7.083807222762497,-7.780303087908373
sergeant,0,1,-7.776954403322442,-7.087155907348428
pepper,0,1,-7.776954403322442,-7.087155907348428
beef,2,3,-6.678342114654332,-6.394008726788483
auju,0,1,-7.776954403322442,-7.087155907348428
steiners,0,1,-7.776954403322442,-7.087155907348428
feels,0,2,-7.776954403322442,-6.681690799240264
bar,1,4,-7.083807222762497,-6.1708651754742725
folks,1,3,-7.083807222762497,-6.394008726788483
otto,0,1,-7.776954403322442,-7.087155907348428
feel,5,4,-5.985194934094387,-6.1708651754742725
welcome,0,1,-7.776954403322442,-7.087155907348428
special,2,4,-6.678342114654332,-6.1708651754742725
real,3,2,-6.390660042202551,-6.681690799240264
lovers,1,1,-7.083807222762497,-7.087155907348428
lets,1,0,-7.083807222762497,-7.780303087908373
yama,1,0,-7.083807222762497,-7.780303087908373
moms,0,1,-7.776954403322442,-7.087155907348428
multigrain,0,1,-7.776954403322442,-7.087155907348428
pumpkin,0,1,-7.776954403322442,-7.087155907348428
pancakes,1,1,-7.083807222762497,-7.087155907348428
pecan,0,1,-7.776954403322442,-7.087155907348428
fluffy,0,1,-7.776954403322442,-7.087155907348428
inviting,0,1,-7.776954403322442,-7.087155907348428
loved,0,10,-7.776954403322442,-5.382407815110002
stretch,1,0,-7.083807222762497,-7.780303087908373
imagination,1,0,-7.083807222762497,-7.780303087908373
several,1,1,-7.083807222762497,-7.087155907348428
past,0,1,-7.776954403322442,-7.087155907348428
isnt,2,1,-6.678342114654332,-7.087155907348428
dealing,1,1,-7.083807222762497,-7.087155907348428
worlds,1,0,-7.083807222762497,-7.780303087908373
worstannoying,1,0,-7.083807222762497,-7.780303087908373
drunk,1,0,-7.083807222762497,-7.780303087908373
hungry,0,1,-7.776954403322442,-7.087155907348428
leave,3,1,-6.390660042202551,-7.087155907348428
stuffed,0,2,-7.776954403322442,-6.681690799240264
weve,2,0,-6.678342114654332,-7.780303087908373
gotten,1,0,-7.083807222762497,-7.780303087908373
door,2,1,-6.678342114654332,-7.087155907348428
services,1,0,-7.083807222762497,-7.780303087908373
received,2,1,-6.678342114654332,-7.087155907348428
decent,1,0,-7.083807222762497,-7.780303087908373
hamburger,1,0,-7.083807222762497,-7.780303087908373
bother,2,0,-6.678342114654332,-7.780303087908373
grandmother,1,0,-7.083807222762497,-7.780303087908373
deserves,1,1,-7.083807222762497,-7.087155907348428
guys,0,1,-7.776954403322442,-7.087155907348428
steaks,0,4,-7.776954403322442,-6.1708651754742725
loving,0,1,-7.776954403322442,-7.087155907348428
son,0,1,-7.776954403322442,-7.087155907348428
who,3,3,-6.390660042202551,-6.394008726788483
hes,0,1,-7.776954403322442,-7.087155907348428
eaten,1,3,-7.083807222762497,-6.394008726788483
rice,3,1,-6.390660042202551,-7.087155907348428
wrapped,0,1,-7.776954403322442,-7.087155907348428
dates,0,1,-7.776954403322442,-7.087155907348428
potatoes,1,2,-7.083807222762497,-6.681690799240264
biscuit,0,1,-7.776954403322442,-7.087155907348428
cool,0,3,-7.776954403322442,-6.394008726788483
ri,1,0,-7.083807222762497,-7.780303087908373
style,3,0,-6.390660042202551,-7.780303087908373
calamari,1,0,-7.083807222762497,-7.780303087908373
joke,1,0,-7.083807222762497,-7.780303087908373
classic,0,1,-7.776954403322442,-7.087155907348428
maine,0,1,-7.776954403322442,-7.087155907348428
lobster,2,1,-6.678342114654332,-7.087155907348428
roll,0,1,-7.776954403322442,-7.087155907348428
nyc,0,1,-7.776954403322442,-7.087155907348428
bagels,1,1,-7.083807222762497,-7.087155907348428
selections,0,2,-7.776954403322442,-6.681690799240264
cheese,1,2,-7.083807222762497,-6.681690799240264
lox,0,1,-7.776954403322442,-7.087155907348428
capers,0,1,-7.776954403322442,-7.087155907348428
drive,2,2,-6.678342114654332,-6.681690799240264
thru,1,0,-7.083807222762497,-7.780303087908373
means,2,0,-6.678342114654332,-7.780303087908373
somehow,1,0,-7.083807222762497,-7.780303087908373
end,1,1,-7.083807222762497,-7.087155907348428
kids,1,1,-7.083807222762497,-7.087155907348428
play,1,0,-7.083807222762497,-7.780303087908373
sweet,1,4,-7.083807222762497,-6.1708651754742725
funny,0,1,-7.776954403322442,-7.087155907348428
beyond,1,1,-7.083807222762497,-7.087155907348428
room,1,1,-7.083807222762497,-7.087155907348428
college,1,0,-7.083807222762497,-7.780303087908373
cooking,1,0,-7.083807222762497,-7.780303087908373
course,2,1,-6.678342114654332,-7.087155907348428
high,2,1,-6.678342114654332,-7.087155907348428
class,1,0,-7.083807222762497,-7.780303087908373
busy,3,0,-6.390660042202551,-7.780303087908373
building,2,0,-6.678342114654332,-7.780303087908373
freezing,1,0,-7.083807222762497,-7.780303087908373
chef,0,3,-7.776954403322442,-6.394008726788483
asked,5,0,-5.985194934094387,-7.780303087908373
multiple,1,1,-7.083807222762497,-7.087155907348428
list,2,1,-6.678342114654332,-7.087155907348428
ignored,1,0,-7.083807222762497,-7.780303087908373
went,4,6,-6.1675164908883415,-5.83439293885306
hostess,1,0,-7.083807222762497,-7.780303087908373
myself,1,0,-7.083807222762497,-7.780303087908373
worth,5,5,-5.985194934094387,-5.9885436186803185
driving,0,1,-7.776954403322442,-7.087155907348428
tucson,0,1,-7.776954403322442,-7.087155907348428
inhouse,0,1,-7.776954403322442,-7.087155907348428
7,0,1,-7.776954403322442,-7.087155907348428
table,5,4,-5.985194934094387,-6.1708651754742725
care,1,2,-7.083807222762497,-6.681690799240264
ended,2,0,-6.678342114654332,-7.780303087908373
wayyy,1,0,-7.083807222762497,-7.780303087908373
away,2,3,-6.678342114654332,-6.394008726788483
stuff,0,2,-7.776954403322442,-6.681690799240264
decide,0,1,-7.776954403322442,-7.087155907348428
host,1,0,-7.083807222762497,-7.780303087908373
lack,1,0,-7.083807222762497,-7.780303087908373
word,2,0,-6.678342114654332,-7.780303087908373
bitches,1,0,-7.083807222762497,-7.780303087908373
reviewer,1,0,-7.083807222762497,-7.780303087908373
couldnt,2,1,-6.678342114654332,-7.087155907348428
pay,3,1,-6.390660042202551,-7.087155907348428
she,6,2,-5.831044254267129,-6.681690799240264
although,3,0,-6.390660042202551,-7.780303087908373
blame,1,0,-7.083807222762497,-7.780303087908373
needs,2,1,-6.678342114654332,-7.087155907348428
placed,1,0,-7.083807222762497,-7.780303087908373
her,6,0,-5.831044254267129,-7.780303087908373
letdown,1,0,-7.083807222762497,-7.780303087908373
camelback,1,0,-7.083807222762497,-7.780303087908373
flower,1,1,-7.083807222762497,-7.087155907348428
shop,1,0,-7.083807222762497,-7.780303087908373
cartel,1,0,-7.083807222762497,-7.780303087908373
coffee,2,0,-6.678342114654332,-7.780303087908373
friend,1,1,-7.083807222762497,-7.087155907348428
salmon,1,2,-7.083807222762497,-6.681690799240264
tartar,0,1,-7.776954403322442,-7.087155907348428
wines,0,1,-7.776954403322442,-7.087155907348428
needless,2,0,-6.678342114654332,-7.780303087908373
without,2,0,-6.678342114654332,-7.780303087908373
bring,3,1,-6.390660042202551,-7.087155907348428
lover,1,0,-7.083807222762497,-7.780303087908373
continue,0,1,-7.776954403322442,-7.087155907348428
ladies,0,1,-7.776954403322442,-7.087155907348428
andddd,0,1,-7.776954403322442,-7.087155907348428
date,0,1,-7.776954403322442,-7.087155907348428
highly,0,2,-7.776954403322442,-6.681690799240264
caring,0,1,-7.776954403322442,-7.087155907348428
teamwork,0,1,-7.776954403322442,-7.087155907348428
professional,0,2,-7.776954403322442,-6.681690799240264
degree,0,1,-7.776954403322442,-7.087155907348428
gooodd,0,1,-7.776954403322442,-7.087155907348428
vibe,1,2,-7.083807222762497,-6.681690799240264
dirt,2,0,-6.678342114654332,-7.780303087908373
portions,2,3,-6.678342114654332,-6.394008726788483
hate,2,0,-6.678342114654332,-7.780303087908373
disagree,1,0,-7.083807222762497,-7.780303087908373
fellow,1,0,-7.083807222762497,-7.780303087908373
yelpers,1,0,-7.083807222762497,-7.780303087908373
husband,2,1,-6.678342114654332,-7.087155907348428
shrimp,4,1,-6.1675164908883415,-7.087155907348428
unwrapped,1,0,-7.083807222762497,-7.780303087908373
live,3,0,-6.390660042202551,-7.780303087908373
mile,1,0,-7.083807222762497,-7.780303087908373
brushfire,1,0,-7.083807222762497,-7.780303087908373
literally,3,0,-6.390660042202551,-7.780303087908373
craving,0,1,-7.776954403322442,-7.087155907348428
exquisite,0,1,-7.776954403322442,-7.087155907348428
burger,6,3,-5.831044254267129,-6.394008726788483
gold,1,1,-7.083807222762497,-7.087155907348428
standard,1,0,-7.083807222762497,-7.780303087908373
17,1,0,-7.083807222762497,-7.780303087908373
strawberry,0,1,-7.776954403322442,-7.087155907348428
soggy,1,0,-7.083807222762497,-7.780303087908373
40min,1,0,-7.083807222762497,-7.780303087908373
between,2,0,-6.678342114654332,-7.780303087908373
ordering,1,0,-7.083807222762497,-7.780303087908373
arriving,1,0,-7.083807222762497,-7.780303087908373
efficient,0,1,-7.776954403322442,-7.087155907348428
toro,0,1,-7.776954403322442,-7.087155907348428
tartare,0,1,-7.776954403322442,-7.087155907348428
cavier,0,1,-7.776954403322442,-7.087155907348428
extraordinary,0,1,-7.776954403322442,-7.087155907348428
thinly,0,1,-7.776954403322442,-7.087155907348428
wagyu,0,1,-7.776954403322442,-7.087155907348428
white,0,3,-7.776954403322442,-6.394008726788483
truffle,0,1,-7.776954403322442,-7.087155907348428
included,0,1,-7.776954403322442,-7.087155907348428
tastings,0,1,-7.776954403322442,-7.087155907348428
jeff,0,1,-7.776954403322442,-7.087155907348428
above,1,1,-7.083807222762497,-7.087155907348428
30,5,0,-5.985194934094387,-7.780303087908373
duck,0,3,-7.776954403322442,-6.394008726788483
bites,2,0,-6.678342114654332,-7.780303087908373
refused,1,0,-7.083807222762497,-7.780303087908373
anymore,1,0,-7.083807222762497,-7.780303087908373
diverse,0,1,-7.776954403322442,-7.087155907348428
owners,2,2,-6.678342114654332,-6.681690799240264
quit,1,0,-7.083807222762497,-7.780303087908373
soooooo,1,0,-7.083807222762497,-7.780303087908373
cheap,2,0,-6.678342114654332,-7.780303087908373
let,2,0,-6.678342114654332,-7.780303087908373
wrap,1,1,-7.083807222762497,-7.087155907348428
freaking,1,0,-7.083807222762497,-7.780303087908373
papers,1,0,-7.083807222762497,-7.780303087908373
round,0,1,-7.776954403322442,-7.087155907348428
4,2,1,-6.678342114654332,-7.087155907348428
sorry,1,0,-7.083807222762497,-7.780303087908373
getting,6,1,-5.831044254267129,-7.087155907348428
done,3,1,-6.390660042202551,-7.087155907348428
100,1,1,-7.083807222762497,-7.087155907348428
lacking,1,1,-7.083807222762497,-7.087155907348428
heart,3,1,-6.390660042202551,-7.087155907348428
attack,2,0,-6.678342114654332,-7.780303087908373
grill,2,0,-6.678342114654332,-7.780303087908373
downtown,1,1,-7.083807222762497,-7.087155907348428
absolutely,3,5,-6.390660042202551,-5.9885436186803185
flatlined,1,0,-7.083807222762497,-7.780303087908373
excuse,2,0,-6.678342114654332,-7.780303087908373
warm,4,2,-6.1675164908883415,-6.681690799240264
beer,1,6,-7.083807222762497,-5.83439293885306
help,1,0,-7.083807222762497,-7.780303087908373
highlighted,0,1,-7.776954403322442,-7.087155907348428
unique,0,1,-7.776954403322442,-7.087155907348428
beautiful,0,3,-7.776954403322442,-6.394008726788483
setting,0,1,-7.776954403322442,-7.087155907348428
off,4,2,-6.1675164908883415,-6.681690799240264
disapppointment,1,0,-7.083807222762497,-7.780303087908373
entrees,1,0,-7.083807222762497,-7.780303087908373
shocked,1,0,-7.083807222762497,-7.780303087908373
signs,1,0,-7.083807222762497,-7.780303087908373
indicate,1,0,-7.083807222762497,-7.780303087908373
cash,1,0,-7.083807222762497,-7.780303087908373
super,2,4,-6.678342114654332,-6.1708651754742725
courteous,0,1,-7.776954403322442,-7.087155907348428
classywarm,0,1,-7.776954403322442,-7.087155907348428
succulent,0,1,-7.776954403322442,-7.087155907348428
baseball,0,1,-7.776954403322442,-7.087155907348428
wrong,0,3,-7.776954403322442,-6.394008726788483
wow,0,3,-7.776954403322442,-6.394008726788483
brunch,1,2,-7.083807222762497,-6.681690799240264
glad,0,2,-7.776954403322442,-6.681690799240264
brother,1,0,-7.083807222762497,-7.780303087908373
law,1,0,-7.083807222762497,-7.780303087908373
works,1,0,-7.083807222762497,-7.780303087908373
mall,1,1,-7.083807222762497,-7.087155907348428
ate,2,0,-6.678342114654332,-7.780303087908373
same,2,0,-6.678342114654332,-7.780303087908373
guess,2,0,-6.678342114654332,-7.780303087908373
sick,5,0,-5.985194934094387,-7.780303087908373
highlights,0,1,-7.776954403322442,-7.087155907348428
nigiri,0,1,-7.776954403322442,-7.087155907348428
alone,1,0,-7.083807222762497,-7.780303087908373
refill,2,0,-6.678342114654332,-7.780303087908373
struggle,1,0,-7.083807222762497,-7.780303087908373
wave,1,0,-7.083807222762497,-7.780303087908373
daily,0,1,-7.776954403322442,-7.087155907348428
specials,0,1,-7.776954403322442,-7.087155907348428
group,0,2,-7.776954403322442,-6.681690799240264
concept,1,0,-7.083807222762497,-7.780303087908373
honestly,1,1,-7.083807222762497,-7.087155907348428
blown,1,0,-7.083807222762497,-7.780303087908373
customize,0,1,-7.776954403322442,-7.087155907348428
way,7,4,-5.697512861642606,-6.1708651754742725
youd,0,2,-7.776954403322442,-6.681690799240264
usual,0,1,-7.776954403322442,-7.087155907348428
eggplant,0,2,-7.776954403322442,-6.681690799240264
green,2,1,-6.678342114654332,-7.087155907348428
bean,0,1,-7.776954403322442,-7.087155907348428
stir,1,1,-7.083807222762497,-7.087155907348428
fry,0,2,-7.776954403322442,-6.681690799240264
awful,3,0,-6.390660042202551,-7.780303087908373
huge,1,4,-7.083807222762497,-6.1708651754742725
military,0,1,-7.776954403322442,-7.087155907348428
discount,0,1,-7.776954403322442,-7.087155907348428
poor,5,0,-5.985194934094387,-7.780303087908373
cooked,1,6,-7.083807222762497,-5.83439293885306
perfection,0,2,-7.776954403322442,-6.681690799240264
impeccable,0,2,-7.776954403322442,-6.681690799240264
salads,0,2,-7.776954403322442,-6.681690799240264
hits,0,1,-7.776954403322442,-7.087155907348428
something,2,2,-6.678342114654332,-6.681690799240264
quantity,0,1,-7.776954403322442,-7.087155907348428
cheated,1,0,-7.083807222762497,-7.780303087908373
wasting,2,0,-6.678342114654332,-7.780303087908373
opportunity,1,1,-7.083807222762497,-7.087155907348428
company,1,1,-7.083807222762497,-7.087155907348428
hurry,1,0,-7.083807222762497,-7.780303087908373
dinners,0,1,-7.776954403322442,-7.087155907348428
considering,2,1,-6.678342114654332,-7.087155907348428
servers,4,1,-6.1675164908883415,-7.087155907348428
pace,1,1,-7.083807222762497,-7.087155907348428
angry,1,0,-7.083807222762497,-7.780303087908373
damn,3,1,-6.390660042202551,-7.087155907348428
unless,3,0,-6.390660042202551,-7.780303087908373
breaks,1,0,-7.083807222762497,-7.780303087908373
front,2,0,-6.678342114654332,-7.780303087908373
starving,1,0,-7.083807222762497,-7.780303087908373
scallop,1,1,-7.083807222762497,-7.087155907348428
appalling,1,0,-7.083807222762497,-7.780303087908373
value,1,1,-7.083807222762497,-7.087155907348428
goat,0,1,-7.776954403322442,-7.087155907348428
skimp,0,1,-7.776954403322442,-7.087155907348428
please,2,0,-6.678342114654332,-7.780303087908373
fried,2,0,-6.678342114654332,-7.780303087908373
noodles,1,0,-7.083807222762497,-7.780303087908373
cannot,1,0,-7.083807222762497,-7.780303087908373
believe,2,1,-6.678342114654332,-7.087155907348428
owner,1,0,-7.083807222762497,-7.780303087908373
unexperienced,1,0,-7.083807222762497,-7.780303087908373
employees,1,0,-7.083807222762497,-7.780303087908373
running,3,1,-6.390660042202551,-7.087155907348428
chickens,1,0,-7.083807222762497,-7.780303087908373
heads,1,0,-7.083807222762497,-7.780303087908373
cut,1,0,-7.083807222762497,-7.780303087908373
treated,2,1,-6.678342114654332,-7.087155907348428
presentation,1,1,-7.083807222762497,-7.087155907348428
venture,0,1,-7.776954403322442,-7.087155907348428
further,0,1,-7.776954403322442,-7.087155907348428
fan,1,1,-7.083807222762497,-7.087155907348428
however,2,0,-6.678342114654332,-7.780303087908373
recent,1,1,-7.083807222762497,-7.087155907348428
particular,1,0,-7.083807222762497,-7.780303087908373
location,3,0,-6.390660042202551,-7.780303087908373
strike,1,0,-7.083807222762497,-7.780303087908373
wants,1,0,-7.083807222762497,-7.780303087908373
rushed,1,0,-7.083807222762497,-7.780303087908373
expensive,1,0,-7.083807222762497,-7.780303087908373
reminds,0,1,-7.776954403322442,-7.087155907348428
mom,1,1,-7.083807222762497,-7.087155907348428
pop,1,1,-7.083807222762497,-7.087155907348428
shops,0,1,-7.776954403322442,-7.087155907348428
san,0,1,-7.776954403322442,-7.087155907348428
francisco,0,1,-7.776954403322442,-7.087155907348428
pissd,1,0,-7.083807222762497,-7.780303087908373
looked,1,1,-7.083807222762497,-7.087155907348428
overwhelmed,1,1,-7.083807222762497,-7.087155907348428
stayed,1,1,-7.083807222762497,-7.087155907348428
until,0,3,-7.776954403322442,-6.394008726788483
joint,0,1,-7.776954403322442,-7.087155907348428
driest,2,0,-6.678342114654332,-7.780303087908373
arrives,1,0,-7.083807222762497,-7.780303087908373
tasted,6,2,-5.831044254267129,-6.681690799240264
crazy,0,1,-7.776954403322442,-7.087155907348428
crowds,0,1,-7.776954403322442,-7.087155907348428
juries,0,1,-7.776954403322442,-7.087155907348428
lawyers,0,1,-7.776954403322442,-7.087155907348428
court,0,1,-7.776954403322442,-7.087155907348428
dirty,3,0,-6.390660042202551,-7.780303087908373
oysters,1,0,-7.083807222762497,-7.780303087908373
70,0,1,-7.776954403322442,-7.087155907348428
claimed,0,1,-7.776954403322442,-7.087155907348428
handled,0,1,-7.776954403322442,-7.087155907348428
beautifully,0,1,-7.776954403322442,-7.087155907348428
hole,0,1,-7.776954403322442,-7.087155907348428
wall,1,2,-7.083807222762497,-6.681690799240264
mexican,0,2,-7.776954403322442,-6.681690799240264
street,0,1,-7.776954403322442,-7.087155907348428
spaghetti,1,0,-7.083807222762497,-7.780303087908373
whatsoever,1,0,-7.083807222762497,-7.780303087908373
delish,0,3,-7.776954403322442,-6.394008726788483
fucking,1,0,-7.083807222762497,-7.780303087908373
pale,1,0,-7.083807222762497,-7.780303087908373
color,2,0,-6.678342114654332,-7.780303087908373
instead,1,0,-7.083807222762497,-7.780303087908373
char,1,1,-7.083807222762497,-7.087155907348428
attached,1,0,-7.083807222762497,-7.780303087908373
gas,1,0,-7.083807222762497,-7.780303087908373
station,1,1,-7.083807222762497,-7.087155907348428
sign,1,0,-7.083807222762497,-7.780303087908373
salsa,1,2,-7.083807222762497,-6.681690799240264
penne,0,1,-7.776954403322442,-7.087155907348428
vodka,0,1,-7.776954403322442,-7.087155907348428
piano,0,1,-7.776954403322442,-7.087155907348428
soundtrack,0,1,-7.776954403322442,-7.087155907348428
pleasant,1,2,-7.083807222762497,-6.681690799240264
right,3,4,-6.390660042202551,-6.1708651754742725
crepe,0,1,-7.776954403322442,-7.087155907348428
min,2,0,-6.678342114654332,-7.780303087908373
milkshake,1,0,-7.083807222762497,-7.780303087908373
chocolate,1,0,-7.083807222762497,-7.780303087908373
milk,1,0,-7.083807222762497,-7.780303087908373
seasonal,0,1,-7.776954403322442,-7.087155907348428
fruit,0,1,-7.776954403322442,-7.087155907348428
peach,0,1,-7.776954403322442,-7.087155907348428
puree,0,2,-7.776954403322442,-6.681690799240264
apparently,1,0,-7.083807222762497,-7.780303087908373
heard,1,1,-7.083807222762497,-7.087155907348428
salt,2,0,-6.678342114654332,-7.780303087908373
batter,2,0,-6.678342114654332,-7.780303087908373
chewy,2,1,-6.678342114654332,-7.087155907348428
third,1,0,-7.083807222762497,-7.780303087908373
greasy,1,0,-7.083807222762497,-7.780303087908373
unhealthy,1,0,-7.083807222762497,-7.780303087908373
flavorful,0,3,-7.776954403322442,-6.394008726788483
amount,1,2,-7.083807222762497,-6.681690799240264
tables,4,0,-6.1675164908883415,-7.780303087908373
luke,1,0,-7.083807222762497,-7.780303087908373
sever,1,0,-7.083807222762497,-7.780303087908373
totally,3,0,-6.390660042202551,-7.780303087908373
plantains,1,0,-7.083807222762497,-7.780303087908373
fiancã©,0,1,-7.776954403322442,-7.087155907348428
middle,0,1,-7.776954403322442,-7.087155907348428
greeted,0,2,-7.776954403322442,-6.681690799240264
attentive,1,5,-7.083807222762497,-5.9885436186803185
providing,0,1,-7.776954403322442,-7.087155907348428
flavourful,0,1,-7.776954403322442,-7.087155907348428
waaaaaayyyyyyyyyy,1,0,-7.083807222762497,-7.780303087908373
saying,1,0,-7.083807222762497,-7.780303087908373
az,0,1,-7.776954403322442,-7.087155907348428
disrespected,2,0,-6.678342114654332,-7.780303087908373
talk,2,1,-6.678342114654332,-7.087155907348428
judge,2,0,-6.678342114654332,-7.780303087908373
crostini,1,0,-7.083807222762497,-7.780303087908373
immediately,1,0,-7.083807222762497,-7.780303087908373
happened,2,0,-6.678342114654332,-7.780303087908373
prettyoff,1,0,-7.083807222762497,-7.780303087908373
putting,1,0,-7.083807222762497,-7.780303087908373
lady,2,0,-6.678342114654332,-7.780303087908373
caterpillar,1,0,-7.083807222762497,-7.780303087908373
known,1,0,-7.083807222762497,-7.780303087908373
suck,2,0,-6.678342114654332,-7.780303087908373
inside,1,5,-7.083807222762497,-5.9885436186803185
excalibur,1,0,-7.083807222762497,-7.780303087908373
common,1,0,-7.083807222762497,-7.780303087908373
sense,1,0,-7.083807222762497,-7.780303087908373
decided,1,1,-7.083807222762497,-7.087155907348428
send,1,0,-7.083807222762497,-7.780303087908373
verge,1,0,-7.083807222762497,-7.780303087908373
having,1,0,-7.083807222762497,-7.780303087908373
margaritas,1,1,-7.083807222762497,-7.087155907348428
four,0,1,-7.776954403322442,-7.087155907348428
guy,0,1,-7.776954403322442,-7.087155907348428
blue,0,1,-7.776954403322442,-7.087155907348428
shirt,0,1,-7.776954403322442,-7.087155907348428
his,2,4,-6.678342114654332,-6.1708651754742725
letting,0,1,-7.776954403322442,-7.087155907348428
rock,1,0,-7.083807222762497,-7.780303087908373
casino,1,0,-7.083807222762497,-7.780303087908373
step,1,0,-7.083807222762497,-7.780303087908373
forward,1,0,-7.083807222762497,-7.780303087908373
pita,0,3,-7.776954403322442,-6.394008726788483
including,0,1,-7.776954403322442,-7.087155907348428
massive,0,1,-7.776954403322442,-7.087155907348428
meatloaf,0,1,-7.776954403322442,-7.087155907348428
crispy,0,1,-7.776954403322442,-7.087155907348428
tuna,1,1,-7.083807222762497,-7.087155907348428
melt,0,3,-7.776954403322442,-6.394008726788483
burgers,1,2,-7.083807222762497,-6.681690799240264
grilled,0,2,-7.776954403322442,-6.681690799240264
yellow,0,1,-7.776954403322442,-7.087155907348428
saffron,0,1,-7.776954403322442,-7.087155907348428
seasoning,0,1,-7.776954403322442,-7.087155907348428
vomited,1,0,-7.083807222762497,-7.780303087908373
bathroom,2,1,-6.678342114654332,-7.087155907348428
late,1,1,-7.083807222762497,-7.087155907348428
bank,0,1,-7.776954403322442,-7.087155907348428
holiday,0,1,-7.776954403322442,-7.087155907348428
rick,0,1,-7.776954403322442,-7.087155907348428
steve,0,1,-7.776954403322442,-7.087155907348428
recommendation,0,3,-7.776954403322442,-6.394008726788483
havent,0,1,-7.776954403322442,-7.087155907348428
visit,0,3,-7.776954403322442,-6.394008726788483
hiro,0,1,-7.776954403322442,-7.087155907348428
delight,0,2,-7.776954403322442,-6.681690799240264
generic,1,0,-7.083807222762497,-7.780303087908373
check,1,4,-7.083807222762497,-6.1708651754742725
regularly,0,1,-7.776954403322442,-7.087155907348428
familiar,1,1,-7.083807222762497,-7.087155907348428
cashew,1,0,-7.083807222762497,-7.780303087908373
undercooked,2,0,-6.678342114654332,-7.780303087908373
manager,1,2,-7.083807222762497,-6.681690799240264
mention,0,1,-7.776954403322442,-7.087155907348428
combination,1,1,-7.083807222762497,-7.087155907348428
pears,0,1,-7.776954403322442,-7.087155907348428
almonds,0,1,-7.776954403322442,-7.087155907348428
winner,0,1,-7.776954403322442,-7.087155907348428
consistent,1,0,-7.083807222762497,-7.780303087908373
boba,2,0,-6.678342114654332,-7.780303087908373
exceptional,0,1,-7.776954403322442,-7.087155907348428
reviews,1,1,-7.083807222762497,-7.087155907348428
thanks,0,1,-7.776954403322442,-7.087155907348428
dylan,0,1,-7.776954403322442,-7.087155907348428
t,0,1,-7.776954403322442,-7.087155907348428
yummy,0,3,-7.776954403322442,-6.394008726788483
tummy,0,1,-7.776954403322442,-7.087155907348428
sadly,1,0,-7.083807222762497,-7.780303087908373
gordon,1,0,-7.083807222762497,-7.780303087908373
ramseys,1,0,-7.083807222762497,-7.780303087908373
shall,1,0,-7.083807222762497,-7.780303087908373
sharply,1,0,-7.083807222762497,-7.780303087908373
trip,1,2,-7.083807222762497,-6.681690799240264
texture,1,1,-7.083807222762497,-7.087155907348428
bachi,0,1,-7.776954403322442,-7.087155907348428
proven,0,1,-7.776954403322442,-7.087155907348428
dead,0,1,-7.776954403322442,-7.087155907348428
spicier,0,1,-7.776954403322442,-7.087155907348428
prefer,0,1,-7.776954403322442,-7.087155907348428
accountant,1,0,-7.083807222762497,-7.780303087908373
screwed,1,0,-7.083807222762497,-7.780303087908373
wanted,2,0,-6.678342114654332,-7.780303087908373
2007,0,1,-7.776954403322442,-7.087155907348428
giving,0,1,-7.776954403322442,-7.087155907348428
omg,0,1,-7.776954403322442,-7.087155907348428
yellowtail,0,1,-7.776954403322442,-7.087155907348428
carpaccio,0,1,-7.776954403322442,-7.087155907348428
started,2,0,-6.678342114654332,-7.780303087908373
sashimi,2,0,-6.678342114654332,-7.780303087908373
brownish,1,0,-7.083807222762497,-7.780303087908373
obviously,1,0,-7.083807222762497,-7.780303087908373
finish,1,1,-7.083807222762497,-7.087155907348428
tough,1,0,-7.083807222762497,-7.780303087908373
short,1,0,-7.083807222762497,-7.780303087908373
sat,2,2,-6.678342114654332,-6.681690799240264
double,1,0,-7.083807222762497,-7.780303087908373
cheeseburger,1,0,-7.083807222762497,-7.780303087908373
single,2,0,-6.678342114654332,-7.780303087908373
patty,1,0,-7.083807222762497,-7.780303087908373
falling,1,0,-7.083807222762497,-7.780303087908373
apart,1,0,-7.083807222762497,-7.780303087908373
picture,1,0,-7.083807222762497,-7.780303087908373
uploaded,1,0,-7.083807222762497,-7.780303087908373
yeah,1,0,-7.083807222762497,-7.780303087908373
sucks,3,0,-6.390660042202551,-7.780303087908373
google,1,0,-7.083807222762497,-7.780303087908373
mediocre,6,0,-5.831044254267129,-7.780303087908373
imagine,1,0,-7.083807222762497,-7.780303087908373
smashburger,1,0,-7.083807222762497,-7.780303087908373
quickly,0,2,-7.776954403322442,-6.681690799240264
watched,2,0,-6.678342114654332,-7.780303087908373
inflate,1,0,-7.083807222762497,-7.780303087908373
smaller,1,0,-7.083807222762497,-7.780303087908373
attitudes,2,0,-6.678342114654332,-7.780303087908373
grow,1,0,-7.083807222762497,-7.780303087908373
rapidly,1,0,-7.083807222762497,-7.780303087908373
hella,0,1,-7.776954403322442,-7.087155907348428
salty,0,1,-7.776954403322442,-7.087155907348428
attention,1,0,-7.083807222762497,-7.780303087908373
ignore,1,0,-7.083807222762497,-7.780303087908373
absolutley,0,1,-7.776954403322442,-7.087155907348428
packed,1,0,-7.083807222762497,-7.780303087908373
bruschetta,0,1,-7.776954403322442,-7.087155907348428
devine,0,1,-7.776954403322442,-7.087155907348428
desserts,1,2,-7.083807222762497,-6.681690799240264
strange,1,0,-7.083807222762497,-7.780303087908373
serivce,0,1,-7.776954403322442,-7.087155907348428
amazingrge,0,1,-7.776954403322442,-7.087155907348428
fillet,0,1,-7.776954403322442,-7.087155907348428
relleno,0,1,-7.776954403322442,-7.087155907348428
plate,1,1,-7.083807222762497,-7.087155907348428
bunch,0,1,-7.776954403322442,-7.087155907348428
meats,0,1,-7.776954403322442,-7.087155907348428
choose,0,2,-7.776954403322442,-6.681690799240264
flair,0,1,-7.776954403322442,-7.087155907348428
bartenders,0,1,-7.776954403322442,-7.087155907348428
fabulous,0,1,-7.776954403322442,-7.087155907348428
vinegrette,1,1,-7.083807222762497,-7.087155907348428
goldencrispy,0,1,-7.776954403322442,-7.087155907348428
hated,1,0,-7.083807222762497,-7.780303087908373
coconut,1,0,-7.083807222762497,-7.780303087908373
lots,0,1,-7.776954403322442,-7.087155907348428
side,2,4,-6.678342114654332,-6.1708651754742725
options,0,3,-7.776954403322442,-6.394008726788483
kiddos,0,1,-7.776954403322442,-7.087155907348428
says,1,0,-7.083807222762497,-7.780303087908373
hi,1,0,-7.083807222762497,-7.780303087908373
bug,2,0,-6.678342114654332,-7.780303087908373
showed,1,0,-7.083807222762497,-7.780303087908373
given,2,0,-6.678342114654332,-7.780303087908373
climbing,1,0,-7.083807222762497,-7.780303087908373
kitchen,1,0,-7.083807222762497,-7.780303087908373
flavorless,1,0,-7.083807222762497,-7.780303087908373
describing,1,0,-7.083807222762497,-7.780303087908373
tepid,1,0,-7.083807222762497,-7.780303087908373
delights,0,1,-7.776954403322442,-7.087155907348428
chains,1,0,-7.083807222762497,-7.780303087908373
easily,1,0,-7.083807222762497,-7.780303087908373
han,0,1,-7.776954403322442,-7.087155907348428
nan,0,1,-7.776954403322442,-7.087155907348428
relax,0,1,-7.776954403322442,-7.087155907348428
donut,0,1,-7.776954403322442,-7.087155907348428
honeslty,1,0,-7.083807222762497,-7.780303087908373
hopes,1,0,-7.083807222762497,-7.780303087908373
charcoal,2,0,-6.678342114654332,-7.780303087908373
flat,2,0,-6.678342114654332,-7.780303087908373
tigerlilly,0,1,-7.776954403322442,-7.087155907348428
afternoon,0,1,-7.776954403322442,-7.087155907348428
drink,1,3,-7.083807222762497,-6.394008726788483
arepas,1,0,-7.083807222762497,-7.780303087908373
light,0,1,-7.776954403322442,-7.087155907348428
summer,0,2,-7.776954403322442,-6.681690799240264
downright,1,0,-7.083807222762497,-7.780303087908373
establishment,2,1,-6.678342114654332,-7.087155907348428
accomodate,0,1,-7.776954403322442,-7.087155907348428
veganveggie,0,1,-7.776954403322442,-7.087155907348428
strangers,1,0,-7.083807222762497,-7.780303087908373
muststop,0,1,-7.776954403322442,-7.087155907348428
whenever,0,1,-7.776954403322442,-7.087155907348428
bellagio,1,0,-7.083807222762497,-7.780303087908373
anticipated,1,0,-7.083807222762497,-7.780303087908373
baby,1,1,-7.083807222762497,-7.087155907348428
greens,1,0,-7.083807222762497,-7.780303087908373
hearts,1,0,-7.083807222762497,-7.780303087908373
palm,1,0,-7.083807222762497,-7.780303087908373
lacked,3,0,-6.390660042202551,-7.780303087908373
cheesecurds,0,1,-7.776954403322442,-7.087155907348428
perpared,0,1,-7.776954403322442,-7.087155907348428
giant,0,1,-7.776954403322442,-7.087155907348428
slices,0,1,-7.776954403322442,-7.087155907348428
toast,0,1,-7.776954403322442,-7.087155907348428
lightly,0,1,-7.776954403322442,-7.087155907348428
dusted,0,1,-7.776954403322442,-7.087155907348428
powdered,0,1,-7.776954403322442,-7.087155907348428
sugar,0,1,-7.776954403322442,-7.087155907348428
itll,0,1,-7.776954403322442,-7.087155907348428
stop,0,2,-7.776954403322442,-6.681690799240264
trips,0,1,-7.776954403322442,-7.087155907348428
turn,1,0,-7.083807222762497,-7.780303087908373
doubt,2,0,-6.678342114654332,-7.780303087908373
ill,3,3,-6.390660042202551,-6.394008726788483
buying,1,0,-7.083807222762497,-7.780303087908373
greek,0,3,-7.776954403322442,-6.394008726788483
dressing,1,2,-7.083807222762497,-6.681690799240264
creamy,0,1,-7.776954403322442,-7.087155907348428
similarly,1,0,-7.083807222762497,-7.780303087908373
delivery,1,0,-7.083807222762497,-7.780303087908373
man,1,0,-7.083807222762497,-7.780303087908373
apology,1,0,-7.083807222762497,-7.780303087908373
45,1,0,-7.083807222762497,-7.780303087908373
suffers,1,0,-7.083807222762497,-7.780303087908373
evening,1,1,-7.083807222762497,-7.087155907348428
dinner,1,3,-7.083807222762497,-6.394008726788483
companions,0,1,-7.776954403322442,-7.087155907348428
meeverything,0,1,-7.776954403322442,-7.087155907348428
dripping,1,0,-7.083807222762497,-7.780303087908373
mostly,1,0,-7.083807222762497,-7.780303087908373
boy,2,0,-6.678342114654332,-7.780303087908373
sucker,1,0,-7.083807222762497,-7.780303087908373
bathrooms,1,1,-7.083807222762497,-7.087155907348428
seat,1,0,-7.083807222762497,-7.780303087908373
covers,1,0,-7.083807222762497,-7.780303087908373
replenished,1,0,-7.083807222762497,-7.780303087908373
plain,1,0,-7.083807222762497,-7.780303087908373
yucky,1,0,-7.083807222762497,-7.780303087908373
job,2,2,-6.678342114654332,-6.681690799240264
handling,0,1,-7.776954403322442,-7.087155907348428
large,1,3,-7.083807222762497,-6.394008726788483
rowdy,0,1,-7.776954403322442,-7.087155907348428
indian,0,1,-7.776954403322442,-7.087155907348428
naan,0,1,-7.776954403322442,-7.087155907348428
hummus,0,3,-7.776954403322442,-6.394008726788483
pine,0,1,-7.776954403322442,-7.087155907348428
nut,0,1,-7.776954403322442,-7.087155907348428
venturing,0,1,-7.776954403322442,-7.087155907348428
belly,0,2,-7.776954403322442,-6.681690799240264
rolled,1,0,-7.083807222762497,-7.780303087908373
eyes,1,0,-7.083807222762497,-7.780303087908373
pancake,0,1,-7.776954403322442,-7.087155907348428
impressive,1,0,-7.083807222762497,-7.780303087908373
hasnt,1,0,-7.083807222762497,-7.780303087908373
closed,1,0,-7.083807222762497,-7.780303087908373
correct,1,0,-7.083807222762497,-7.780303087908373
compliments,0,1,-7.776954403322442,-7.087155907348428
tonight,1,0,-7.083807222762497,-7.780303087908373
elk,1,0,-7.083807222762497,-7.780303087908373
filet,2,0,-6.678342114654332,-7.780303087908373
specialand,1,0,-7.083807222762497,-7.780303087908373
bisque,2,0,-6.678342114654332,-7.780303087908373
soup,3,1,-6.390660042202551,-7.087155907348428
lukewarm,2,0,-6.678342114654332,-7.780303087908373
poisoning,1,0,-7.083807222762497,-7.780303087908373
youll,0,1,-7.776954403322442,-7.087155907348428
burrittos,1,0,-7.083807222762497,-7.780303087908373
blah,1,0,-7.083807222762497,-7.780303087908373
spends,1,0,-7.083807222762497,-7.780303087908373
talking,1,0,-7.083807222762497,-7.780303087908373
themselves,1,0,-7.083807222762497,-7.780303087908373
spend,1,0,-7.083807222762497,-7.780303087908373
elsewhere,3,0,-6.390660042202551,-7.780303087908373
carlys,1,0,-7.083807222762497,-7.780303087908373
mac,1,0,-7.083807222762497,-7.780303087908373
despite,1,0,-7.083807222762497,-7.780303087908373
rate,1,0,-7.083807222762497,-7.780303087908373
businesses,1,0,-7.083807222762497,-7.780303087908373
rare,1,2,-7.083807222762497,-6.681690799240264
star,1,0,-7.083807222762497,-7.780303087908373
albondigas,1,0,-7.083807222762497,-7.780303087908373
tomato,1,0,-7.083807222762497,-7.780303087908373
meatballs,1,0,-7.083807222762497,-7.780303087908373
inch,1,0,-7.083807222762497,-7.780303087908373
piece,3,0,-6.390660042202551,-7.780303087908373
wire,1,0,-7.083807222762497,-7.780303087908373
hopefully,1,0,-7.083807222762497,-7.780303087908373
bodes,1,0,-7.083807222762497,-7.780303087908373
business,2,0,-6.678342114654332,-7.780303087908373
allergy,1,0,-7.083807222762497,-7.780303087908373
warnings,1,0,-7.083807222762497,-7.780303087908373
clue,1,0,-7.083807222762497,-7.780303087908373
contain,1,0,-7.083807222762497,-7.780303087908373
peanuts,1,0,-7.083807222762497,-7.780303087908373
joeys,1,0,-7.083807222762497,-7.780303087908373
voted,1,0,-7.083807222762497,-7.780303087908373
dog,1,1,-7.083807222762497,-7.087155907348428
readers,1,0,-7.083807222762497,-7.780303087908373
magazine,1,0,-7.083807222762497,-7.780303087908373
final,1,0,-7.083807222762497,-7.780303087908373
blow,1,0,-7.083807222762497,-7.780303087908373
employee,1,0,-7.083807222762497,-7.780303087908373
ok,2,0,-6.678342114654332,-7.780303087908373
needed,2,0,-6.678342114654332,-7.780303087908373
finally,2,0,-6.678342114654332,-7.780303087908373
fella,1,0,-7.083807222762497,-7.780303087908373
huevos,1,0,-7.083807222762497,-7.780303087908373
rancheros,1,0,-7.083807222762497,-7.780303087908373
appealing,1,0,-7.083807222762497,-7.780303087908373
those,1,2,-7.083807222762497,-6.681690799240264
hankering,0,1,-7.776954403322442,-7.087155907348428
inconsiderate,1,0,-7.083807222762497,-7.780303087908373
connoisseur,1,0,-7.083807222762497,-7.780303087908373
difference,1,0,-7.083807222762497,-7.780303087908373
certainly,1,0,-7.083807222762497,-7.780303087908373
hello,1,0,-7.083807222762497,-7.780303087908373
shoe,1,0,-7.083807222762497,-7.780303087908373
leather,1,0,-7.083807222762497,-7.780303087908373
boys,0,1,-7.776954403322442,-7.087155907348428
weak,1,0,-7.083807222762497,-7.780303087908373
less,0,1,-7.776954403322442,-7.087155907348428
interior,0,1,-7.776954403322442,-7.087155907348428
disbelief,1,0,-7.083807222762497,-7.780303087908373
qualified,1,0,-7.083807222762497,-7.780303087908373
version,1,0,-7.083807222762497,-7.780303087908373
foods,1,0,-7.083807222762497,-7.780303087908373
wide,0,1,-7.776954403322442,-7.087155907348428
array,0,1,-7.776954403322442,-7.087155907348428
empty,2,1,-6.678342114654332,-7.087155907348428
disgusting,2,0,-6.678342114654332,-7.780303087908373
anyways,1,0,-7.083807222762497,-7.780303087908373
price,3,2,-6.390660042202551,-6.681690799240264
sun,0,1,-7.776954403322442,-7.087155907348428
ache,1,0,-7.083807222762497,-7.780303087908373
rest,1,0,-7.083807222762497,-7.780303087908373
disappoint,0,2,-7.776954403322442,-6.681690799240264
under,2,0,-6.678342114654332,-7.780303087908373
circumstances,1,0,-7.083807222762497,-7.780303087908373
tops,1,0,-7.083807222762497,-7.780303087908373
incredibly,0,1,-7.776954403322442,-7.087155907348428
prepared,0,1,-7.776954403322442,-7.087155907348428
favor,2,0,-6.678342114654332,-7.780303087908373
below,1,0,-7.083807222762497,-7.780303087908373
sound,1,0,-7.083807222762497,-7.780303087908373
actual,1,0,-7.083807222762497,-7.780303087908373
disappointing,4,0,-6.1675164908883415,-7.780303087908373
descriptions,1,0,-7.083807222762497,-7.780303087908373
yum,2,0,-6.678342114654332,-7.780303087908373
eel,1,0,-7.083807222762497,-7.780303087908373
mayowell,1,0,-7.083807222762497,-7.780303087908373
none,3,0,-6.390660042202551,-7.780303087908373
sauces,1,0,-7.083807222762497,-7.780303087908373
fries,4,3,-6.1675164908883415,-6.394008726788483
seasoned,0,2,-7.776954403322442,-6.681690799240264
him,1,2,-7.083807222762497,-6.681690799240264
drastically,1,0,-7.083807222762497,-7.780303087908373
helped,1,1,-7.083807222762497,-7.087155907348428
dennys,1,0,-7.083807222762497,-7.780303087908373
bye,2,0,-6.678342114654332,-7.780303087908373
spring,0,1,-7.776954403322442,-7.087155907348428
fo,0,1,-7.776954403322442,-7.087155907348428
bowl,0,2,-7.776954403322442,-6.681690799240264
beans,2,1,-6.678342114654332,-7.087155907348428
grocery,1,0,-7.083807222762497,-7.780303087908373
store,1,0,-7.083807222762497,-7.780303087908373
biscuits,0,1,-7.776954403322442,-7.087155907348428
such,1,1,-7.083807222762497,-7.087155907348428
beauty,0,1,-7.776954403322442,-7.087155907348428
thats,1,1,-7.083807222762497,-7.087155907348428
rightthe,0,1,-7.776954403322442,-7.087155907348428
red,1,1,-7.083807222762497,-7.087155907348428
velvet,0,1,-7.776954403322442,-7.087155907348428
cakeohhh,0,1,-7.776954403322442,-7.087155907348428
turkey,1,0,-7.083807222762497,-7.780303087908373
roast,1,1,-7.083807222762497,-7.087155907348428
sals,0,1,-7.776954403322442,-7.087155907348428
stood,1,0,-7.083807222762497,-7.780303087908373
begin,1,0,-7.083807222762497,-7.780303087908373
awkwardly,1,0,-7.083807222762497,-7.780303087908373
bloody,1,0,-7.083807222762497,-7.780303087908373
mary,1,0,-7.083807222762497,-7.780303087908373
might,1,0,-7.083807222762497,-7.780303087908373
forever,1,0,-7.083807222762497,-7.780303087908373
shower,2,0,-6.678342114654332,-7.780303087908373
outside,2,2,-6.678342114654332,-6.681690799240264
rinse,1,0,-7.083807222762497,-7.780303087908373
mind,1,0,-7.083807222762497,-7.780303087908373
nude,1,0,-7.083807222762497,-7.780303087908373
mean,1,0,-7.083807222762497,-7.780303087908373
famous,1,0,-7.083807222762497,-7.780303087908373
killer,0,1,-7.776954403322442,-7.087155907348428
chai,0,1,-7.776954403322442,-7.087155907348428
latte,0,1,-7.776954403322442,-7.087155907348428
bartender,0,2,-7.776954403322442,-6.681690799240264
personable,0,1,-7.776954403322442,-7.087155907348428
wouldve,1,0,-7.083807222762497,-7.780303087908373
godfathers,1,0,-7.083807222762497,-7.780303087908373
boot,1,0,-7.083807222762497,-7.780303087908373
worries,1,0,-7.083807222762497,-7.780303087908373
refried,1,0,-7.083807222762497,-7.780303087908373
dried,1,0,-7.083807222762497,-7.780303087908373
crusty,1,0,-7.083807222762497,-7.780303087908373
fail,1,0,-7.083807222762497,-7.780303087908373
thus,0,1,-7.776954403322442,-7.087155907348428
visited,0,1,-7.776954403322442,-7.087155907348428
downside,1,0,-7.083807222762497,-7.780303087908373
realized,1,1,-7.083807222762497,-7.087155907348428
mortified,1,0,-7.083807222762497,-7.780303087908373
spinach,1,0,-7.083807222762497,-7.780303087908373
avocado,1,0,-7.083807222762497,-7.780303087908373
ingredients,1,0,-7.083807222762497,-7.780303087908373
accident,0,1,-7.776954403322442,-7.087155907348428
happier,0,1,-7.776954403322442,-7.087155907348428
nutshell,1,0,-7.083807222762497,-7.780303087908373
restaraunt,1,0,-7.083807222762497,-7.780303087908373
smells,1,0,-7.083807222762497,-7.780303087908373
market,1,0,-7.083807222762497,-7.780303087908373
sewer,1,0,-7.083807222762497,-7.780303087908373
recently,1,0,-7.083807222762497,-7.780303087908373
witnessed,1,0,-7.083807222762497,-7.780303087908373
towards,2,0,-6.678342114654332,-7.780303087908373
guests,1,0,-7.083807222762497,-7.780303087908373
surprised,1,0,-7.083807222762497,-7.780303087908373
article,1,0,-7.083807222762497,-7.780303087908373
read,1,0,-7.083807222762497,-7.780303087908373
spices,1,0,-7.083807222762497,-7.780303087908373
chow,0,1,-7.776954403322442,-7.087155907348428
mein,0,1,-7.776954403322442,-7.087155907348428
block,0,1,-7.776954403322442,-7.087155907348428
ayce,0,1,-7.776954403322442,-7.087155907348428
blanket,0,1,-7.776954403322442,-7.087155907348428
moz,0,1,-7.776954403322442,-7.087155907348428
top,0,1,-7.776954403322442,-7.087155907348428
cover,0,1,-7.776954403322442,-7.087155907348428
subpar,1,1,-7.083807222762497,-7.087155907348428
asking,1,0,-7.083807222762497,-7.780303087908373
whether,1,0,-7.083807222762497,-7.780303087908373
sides,1,2,-7.083807222762497,-6.681690799240264
grossed,1,0,-7.083807222762497,-7.780303087908373
melted,1,0,-7.083807222762497,-7.780303087908373
styrofoam,1,0,-7.083807222762497,-7.780303087908373
fear,1,0,-7.083807222762497,-7.780303087908373
located,0,1,-7.776954403322442,-7.087155907348428
crystals,0,1,-7.776954403322442,-7.087155907348428
shopping,0,1,-7.776954403322442,-7.087155907348428
aria,0,1,-7.776954403322442,-7.087155907348428
martini,1,0,-7.083807222762497,-7.780303087908373
nicest,0,2,-7.776954403322442,-6.681690799240264
chinese,0,2,-7.776954403322442,-6.681690799240264
liking,1,0,-7.083807222762497,-7.780303087908373
number,1,0,-7.083807222762497,-7.780303087908373
reasons,1,0,-7.083807222762497,-7.780303087908373
reviewing,1,0,-7.083807222762497,-7.780303087908373
ensued,1,0,-7.083807222762497,-7.780303087908373
crãªpe,0,1,-7.776954403322442,-7.087155907348428
delicate,0,1,-7.776954403322442,-7.087155907348428
moist,0,3,-7.776954403322442,-6.394008726788483
typical,0,1,-7.776954403322442,-7.087155907348428
petty,0,1,-7.776954403322442,-7.087155907348428
fondue,1,0,-7.083807222762497,-7.780303087908373
reading,1,0,-7.083807222762497,-7.780303087908373
customers,2,0,-6.678342114654332,-7.780303087908373
sunday,0,1,-7.776954403322442,-7.087155907348428
hands,0,1,-7.776954403322442,-7.087155907348428
favorite,0,2,-7.776954403322442,-6.681690799240264
italian,0,2,-7.776954403322442,-6.681690799240264
north,0,1,-7.776954403322442,-7.087155907348428
scottsdale,0,1,-7.776954403322442,-7.087155907348428
thirty,1,0,-7.083807222762497,-7.780303087908373
vacant,1,0,-7.083807222762497,-7.780303087908373
mains,1,0,-7.083807222762497,-7.780303087908373
uninspired,1,0,-7.083807222762497,-7.780303087908373
paid,2,0,-6.678342114654332,-7.780303087908373
anything,0,1,-7.776954403322442,-7.087155907348428
complain,0,1,-7.776954403322442,-7.087155907348428
lordy,0,1,-7.776954403322442,-7.087155907348428
khao,0,1,-7.776954403322442,-7.087155907348428
soi,0,1,-7.776954403322442,-7.087155907348428
missed,0,1,-7.776954403322442,-7.087155907348428
curry,1,1,-7.083807222762497,-7.087155907348428
def,0,1,-7.776954403322442,-7.087155907348428
chipotle,0,1,-7.776954403322442,-7.087155907348428
disgrace,1,0,-7.083807222762497,-7.780303087908373
find,2,0,-6.678342114654332,-7.780303087908373
despicable,1,0,-7.083807222762497,-7.780303087908373
furthermore,1,0,-7.083807222762497,-7.780303087908373
hours,1,0,-7.083807222762497,-7.780303087908373
operation,1,0,-7.083807222762497,-7.780303087908373
website,1,0,-7.083807222762497,-7.780303087908373
bloddy,0,1,-7.776954403322442,-7.087155907348428
marys,0,1,-7.776954403322442,-7.087155907348428
plus,0,2,-7.776954403322442,-6.681690799240264
deliciously,0,1,-7.776954403322442,-7.087155907348428
brick,0,2,-7.776954403322442,-6.681690799240264
oven,0,2,-7.776954403322442,-6.681690799240264
app,0,1,-7.776954403322442,-7.087155907348428
suggestions,0,1,-7.776954403322442,-7.087155907348428
mixed,0,1,-7.776954403322442,-7.087155907348428
mushrooms,0,1,-7.776954403322442,-7.087155907348428
yukon,0,1,-7.776954403322442,-7.087155907348428
corn,0,1,-7.776954403322442,-7.087155907348428
beateous,0,1,-7.776954403322442,-7.087155907348428
airport,0,1,-7.776954403322442,-7.087155907348428
speedy,0,1,-7.776954403322442,-7.087155907348428
eew,1,0,-7.083807222762497,-7.780303087908373
complete,1,0,-7.083807222762497,-7.780303087908373
overhaul,1,0,-7.083807222762497,-7.780303087908373
positive,0,1,-7.776954403322442,-7.087155907348428
provided,0,1,-7.776954403322442,-7.087155907348428
cape,0,1,-7.776954403322442,-7.087155907348428
cod,0,1,-7.776954403322442,-7.087155907348428
ravoli,0,1,-7.776954403322442,-7.087155907348428
chickenwith,0,1,-7.776954403322442,-7.087155907348428
cranberrymmmm,0,1,-7.776954403322442,-7.087155907348428
lastly,0,1,-7.776954403322442,-7.087155907348428
mozzarella,0,1,-7.776954403322442,-7.087155907348428
modern,0,1,-7.776954403322442,-7.087155907348428
hip,0,1,-7.776954403322442,-7.087155907348428
maintaining,0,1,-7.776954403322442,-7.087155907348428
touch,0,2,-7.776954403322442,-6.681690799240264
coziness,0,1,-7.776954403322442,-7.087155907348428
pictures,0,1,-7.776954403322442,-7.087155907348428
chefs,0,1,-7.776954403322442,-7.087155907348428
preparing,0,1,-7.776954403322442,-7.087155907348428
rubber,1,0,-7.083807222762497,-7.780303087908373
ahead,1,0,-7.083807222762497,-7.780303087908373
warmer,1,0,-7.083807222762497,-7.780303087908373
panna,0,1,-7.776954403322442,-7.087155907348428
cotta,0,1,-7.776954403322442,-7.087155907348428
sample,0,1,-7.776954403322442,-7.087155907348428
wouldnt,2,0,-6.678342114654332,-7.780303087908373
expertconnisseur,0,1,-7.776954403322442,-7.087155907348428
topic,0,1,-7.776954403322442,-7.087155907348428
pros,0,1,-7.776954403322442,-7.087155907348428
seating,1,2,-7.083807222762497,-6.681690799240264
dough,0,1,-7.776954403322442,-7.087155907348428
low,1,0,-7.083807222762497,-7.780303087908373
tolerance,1,0,-7.083807222762497,-7.780303087908373
polite,1,0,-7.083807222762497,-7.780303087908373
wash,1,0,-7.083807222762497,-7.780303087908373
otherwise,1,0,-7.083807222762497,-7.780303087908373
plethora,0,1,-7.776954403322442,-7.087155907348428
sandwiches,0,1,-7.776954403322442,-7.087155907348428
gets,0,1,-7.776954403322442,-7.087155907348428
seal,0,1,-7.776954403322442,-7.087155907348428
approval,0,1,-7.776954403322442,-7.087155907348428
guest,0,1,-7.776954403322442,-7.087155907348428
treat,0,2,-7.776954403322442,-6.681690799240264
shouldnt,1,0,-7.083807222762497,-7.780303087908373
eggs,1,0,-7.083807222762497,-7.780303087908373
con,1,0,-7.083807222762497,-7.780303087908373
spotty,1,0,-7.083807222762497,-7.780303087908373
returning,1,0,-7.083807222762497,-7.780303087908373
dos,0,1,-7.776954403322442,-7.087155907348428
gringos,0,1,-7.776954403322442,-7.087155907348428
sunglasses,0,1,-7.776954403322442,-7.087155907348428
forty,1,0,-7.083807222762497,-7.780303087908373
five,1,0,-7.083807222762497,-7.780303087908373
vain,1,0,-7.083807222762497,-7.780303087908373
refreshing,0,1,-7.776954403322442,-7.087155907348428
neighborhood,0,1,-7.776954403322442,-7.087155907348428
gem,0,1,-7.776954403322442,-7.087155907348428
sooooo,0,1,-7.776954403322442,-7.087155907348428
wontons,0,1,-7.776954403322442,-7.087155907348428
thick,0,1,-7.776954403322442,-7.087155907348428
almost,1,1,-7.083807222762497,-7.087155907348428
ample,0,1,-7.776954403322442,-7.087155907348428
three,2,0,-6.678342114654332,-7.780303087908373
occasions,1,0,-7.083807222762497,-7.780303087908373
medium,1,0,-7.083807222762497,-7.780303087908373
bloodiest,1,0,-7.083807222762497,-7.780303087908373
black,1,1,-7.083807222762497,-7.087155907348428
olives,1,0,-7.083807222762497,-7.780303087908373
madhouse,1,0,-7.083807222762497,-7.780303087908373
rave,1,0,-7.083807222762497,-7.780303087908373
herewhat,1,0,-7.083807222762497,-7.780303087908373
satifying,0,1,-7.776954403322442,-7.087155907348428
sitting,2,0,-6.678342114654332,-7.780303087908373
pricey,0,1,-7.776954403322442,-7.087155907348428
hardest,0,1,-7.776954403322442,-7.087155907348428
decision,0,1,-7.776954403322442,-7.087155907348428
ms,0,1,-7.776954403322442,-7.087155907348428
supposed,0,1,-7.776954403322442,-7.087155907348428
calligraphy,0,1,-7.776954403322442,-7.087155907348428
paper,0,1,-7.776954403322442,-7.087155907348428
ground,1,0,-7.083807222762497,-7.780303087908373
smeared,1,0,-7.083807222762497,-7.780303087908373
beensteppedinandtrackedeverywhere,1,0,-7.083807222762497,-7.780303087908373
pile,1,0,-7.083807222762497,-7.780303087908373
bird,1,0,-7.083807222762497,-7.780303087908373
poop,1,0,-7.083807222762497,-7.780303087908373
honor,1,0,-7.083807222762497,-7.780303087908373
hut,1,0,-7.083807222762497,-7.780303087908373
coupons,1,0,-7.083807222762497,-7.780303087908373
maria,0,1,-7.776954403322442,-7.087155907348428
definately,0,2,-7.776954403322442,-6.681690799240264
mussels,0,1,-7.776954403322442,-7.087155907348428
reduction,0,1,-7.776954403322442,-7.087155907348428
forth,1,0,-7.083807222762497,-7.780303087908373
absolute,0,1,-7.776954403322442,-7.087155907348428
batch,1,0,-7.083807222762497,-7.780303087908373
thinking,1,0,-7.083807222762497,-7.780303087908373
yay,1,0,-7.083807222762497,-7.780303087908373
redeeming,0,1,-7.776954403322442,-7.087155907348428
inexpensive,0,1,-7.776954403322442,-7.087155907348428
ourselves,0,1,-7.776954403322442,-7.087155907348428
informative,0,1,-7.776954403322442,-7.087155907348428
neither,1,0,-7.083807222762497,-7.780303087908373
fair,1,0,-7.083807222762497,-7.780303087908373
likes,0,1,-7.776954403322442,-7.087155907348428
case,0,1,-7.776954403322442,-7.087155907348428
colder,0,1,-7.776954403322442,-7.087155907348428
reservation,1,0,-7.083807222762497,-7.780303087908373
waitresses,0,1,-7.776954403322442,-7.087155907348428
fav,0,1,-7.776954403322442,-7.087155907348428
shawarrrrrrma,0,1,-7.776954403322442,-7.087155907348428
problem,1,0,-7.083807222762497,-7.780303087908373
charge,1,0,-7.083807222762497,-7.780303087908373
1199,1,0,-7.083807222762497,-7.780303087908373
bigger,1,0,-7.083807222762497,-7.780303087908373
subway,1,2,-7.083807222762497,-6.681690799240264
sub,1,0,-7.083807222762497,-7.780303087908373
offers,1,0,-7.083807222762497,-7.780303087908373
correction,1,0,-7.083807222762497,-7.780303087908373
heimer,1,0,-7.083807222762497,-7.780303087908373
duo,0,1,-7.776954403322442,-7.087155907348428
violinists,0,1,-7.776954403322442,-7.087155907348428
songs,0,1,-7.776954403322442,-7.087155907348428
requested,0,1,-7.776954403322442,-7.087155907348428
self,1,0,-7.083807222762497,-7.780303087908373
proclaimed,1,0,-7.083807222762497,-7.780303087908373
wildly,1,0,-7.083807222762497,-7.780303087908373
swung,1,0,-7.083807222762497,-7.780303087908373
deeply,1,0,-7.083807222762497,-7.780303087908373
level,0,1,-7.776954403322442,-7.087155907348428
spice,0,1,-7.776954403322442,-7.087155907348428
overwhelm,0,1,-7.776954403322442,-7.087155907348428
awkward,1,0,-7.083807222762497,-7.780303087908373
15lb,1,0,-7.083807222762497,-7.780303087908373
cow,1,1,-7.083807222762497,-7.087155907348428
34ths,1,0,-7.083807222762497,-7.780303087908373
gristle,1,0,-7.083807222762497,-7.780303087908373
fat,1,0,-7.083807222762497,-7.780303087908373
ha,1,0,-7.083807222762497,-7.780303087908373
flop,1,0,-7.083807222762497,-7.780303087908373
insults,1,0,-7.083807222762497,-7.780303087908373
profound,1,0,-7.083807222762497,-7.780303087908373
deuchebaggery,1,0,-7.083807222762497,-7.780303087908373
smoke,1,0,-7.083807222762497,-7.780303087908373
break,1,0,-7.083807222762497,-7.780303087908373
serving,1,0,-7.083807222762497,-7.780303087908373
solidify,1,0,-7.083807222762497,-7.780303087908373
english,1,0,-7.083807222762497,-7.780303087908373
muffin,1,0,-7.083807222762497,-7.780303087908373
untoasted,1,0,-7.083807222762497,-7.780303087908373
privileged,1,0,-7.083807222762497,-7.780303087908373
workingeating,1,0,-7.083807222762497,-7.780303087908373
hawaiian,0,1,-7.776954403322442,-7.087155907348428
breeze,0,1,-7.776954403322442,-7.087155907348428
mango,0,1,-7.776954403322442,-7.087155907348428
magic,0,1,-7.776954403322442,-7.087155907348428
pineapple,0,1,-7.776954403322442,-7.087155907348428
smoothies,0,1,-7.776954403322442,-7.087155907348428
theyre,0,1,-7.776954403322442,-7.087155907348428
miss,0,1,-7.776954403322442,-7.087155907348428
wish,0,1,-7.776954403322442,-7.087155907348428
philadelphia,0,1,-7.776954403322442,-7.087155907348428
ryans,1,0,-7.083807222762497,-7.780303087908373
edinburgh,1,0,-7.083807222762497,-7.780303087908373
revisiting,1,0,-7.083807222762497,-7.780303087908373
reminded,0,1,-7.776954403322442,-7.087155907348428
legit,0,2,-7.776954403322442,-6.681690799240264
exceeding,0,1,-7.776954403322442,-7.087155907348428
dreamed,0,1,-7.776954403322442,-7.087155907348428
fairly,2,0,-6.678342114654332,-7.780303087908373
hell,1,0,-7.083807222762497,-7.780303087908373
dressed,1,0,-7.083807222762497,-7.780303087908373
rudely,1,0,-7.083807222762497,-7.780303087908373
crumby,1,0,-7.083807222762497,-7.780303087908373
contained,1,0,-7.083807222762497,-7.780303087908373
limited,1,0,-7.083807222762497,-7.780303087908373
boiled,1,0,-7.083807222762497,-7.780303087908373
crab,2,0,-6.678342114654332,-7.780303087908373
legs,2,0,-6.678342114654332,-7.780303087908373
concern,1,0,-7.083807222762497,-7.780303087908373
mellow,1,0,-7.083807222762497,-7.780303087908373
mushroom,1,0,-7.083807222762497,-7.780303087908373
traditional,1,0,-7.083807222762497,-7.780303087908373
hunan,1,0,-7.083807222762497,-7.780303087908373
personally,0,1,-7.776954403322442,-7.087155907348428
baklava,0,1,-7.776954403322442,-7.087155907348428
falafels,0,1,-7.776954403322442,-7.087155907348428
baba,0,1,-7.776954403322442,-7.087155907348428
ganoush,0,1,-7.776954403322442,-7.087155907348428
noca,1,0,-7.083807222762497,-7.780303087908373
experienced,0,1,-7.776954403322442,-7.087155907348428
frenchman,0,1,-7.776954403322442,-7.087155907348428
saving,0,1,-7.776954403322442,-7.087155907348428
besides,1,0,-7.083807222762497,-7.780303087908373
costcos,1,0,-7.083807222762497,-7.780303087908373
croutons,0,1,-7.776954403322442,-7.087155907348428
meet,0,1,-7.776954403322442,-7.087155907348428
expectations,0,1,-7.776954403322442,-7.087155907348428
promptly,0,1,-7.776954403322442,-7.087155907348428
tongue,0,1,-7.776954403322442,-7.087155907348428
cheek,0,1,-7.776954403322442,-7.087155907348428
worse,1,0,-7.083807222762497,-7.780303087908373
humiliated,1,0,-7.083807222762497,-7.780303087908373
worker,1,0,-7.083807222762497,-7.780303087908373
mebunch,1,0,-7.083807222762497,-7.780303087908373
name,1,0,-7.083807222762497,-7.780303087908373
callings,1,0,-7.083807222762497,-7.780303087908373
trimmed,0,1,-7.776954403322442,-7.087155907348428
perfectly,0,3,-7.776954403322442,-6.394008726788483
atmosphere1,0,1,-7.776954403322442,-7.087155907348428
bussell,1,0,-7.083807222762497,-7.780303087908373
sprouts,1,0,-7.083807222762497,-7.780303087908373
risotto,1,0,-7.083807222762497,-7.780303087908373
pepperand,1,0,-7.083807222762497,-7.780303087908373
vegasthere,1,0,-7.083807222762497,-7.780303087908373
screams,0,1,-7.776954403322442,-7.087155907348428
booksomethats,0,1,-7.776954403322442,-7.087155907348428
charming,0,1,-7.776954403322442,-7.087155907348428
outdoor,0,1,-7.776954403322442,-7.087155907348428
delightful,0,1,-7.776954403322442,-7.087155907348428
ten,1,0,-7.083807222762497,-7.780303087908373
prompt,0,1,-7.776954403322442,-7.087155907348428
macarons,0,1,-7.776954403322442,-7.087155907348428
insanely,0,1,-7.776954403322442,-7.087155907348428
bite,1,1,-7.083807222762497,-7.087155907348428
hooked,0,1,-7.776954403322442,-7.087155907348428
buffets,0,1,-7.776954403322442,-7.087155907348428
based,1,0,-7.083807222762497,-7.780303087908373
effort,1,0,-7.083807222762497,-7.780303087908373
show,1,0,-7.083807222762497,-7.780303087908373
gratitude,1,0,-7.083807222762497,-7.780303087908373
dedicated,1,0,-7.083807222762497,-7.780303087908373
spots,1,0,-7.083807222762497,-7.780303087908373
jenni,1,0,-7.083807222762497,-7.780303087908373
tater,0,1,-7.776954403322442,-7.087155907348428
tots,0,2,-7.776954403322442,-6.681690799240264
southwest,0,1,-7.776954403322442,-7.087155907348428
eyed,0,1,-7.776954403322442,-7.087155907348428
peas,0,1,-7.776954403322442,-7.087155907348428
unreal,0,1,-7.776954403322442,-7.087155907348428
mandalay,0,1,-7.776954403322442,-7.087155907348428
genuinely,0,1,-7.776954403322442,-7.087155907348428
enthusiastic,0,1,-7.776954403322442,-7.087155907348428
crisp,0,1,-7.776954403322442,-7.087155907348428
buldogis,0,1,-7.776954403322442,-7.087155907348428
gourmet,0,1,-7.776954403322442,-7.087155907348428
bouchon,1,0,-7.083807222762497,-7.780303087908373
bought,1,0,-7.083807222762497,-7.780303087908373
ratio,1,0,-7.083807222762497,-7.780303087908373
tenders,1,0,-7.083807222762497,-7.780303087908373
unsatisfying,1,0,-7.083807222762497,-7.780303087908373
tragedy,1,0,-7.083807222762497,-7.780303087908373
struck,1,0,-7.083807222762497,-7.780303087908373
rotating,0,1,-7.776954403322442,-7.087155907348428
beers,0,1,-7.776954403322442,-7.087155907348428
highlight,0,1,-7.776954403322442,-7.087155907348428
truly,0,1,-7.776954403322442,-7.087155907348428
unbelievably,0,1,-7.776954403322442,-7.087155907348428
bus,1,0,-7.083807222762497,-7.780303087908373
weird,1,0,-7.083807222762497,-7.780303087908373
sour,0,1,-7.776954403322442,-7.087155907348428
soups,0,1,-7.776954403322442,-7.087155907348428
mistake,2,0,-6.678342114654332,-7.780303087908373
seems,2,0,-6.678342114654332,-7.780303087908373
neat,1,0,-7.083807222762497,-7.780303087908373
trippy,1,0,-7.083807222762497,-7.780303087908373
lil,0,1,-7.776954403322442,-7.087155907348428
tapas,0,2,-7.776954403322442,-6.681690799240264
fuzzy,0,1,-7.776954403322442,-7.087155907348428
stupid,1,0,-7.083807222762497,-7.780303087908373
phenomenal,0,1,-7.776954403322442,-7.087155907348428
fridays,1,0,-7.083807222762497,-7.780303087908373
blows,1,0,-7.083807222762497,-7.780303087908373
power,0,1,-7.776954403322442,-7.087155907348428
summary,1,0,-7.083807222762497,-7.780303087908373
largely,1,0,-7.083807222762497,-7.780303087908373
bamboo,1,0,-7.083807222762497,-7.780303087908373
shoots,1,0,-7.083807222762497,-7.780303087908373
onion,0,1,-7.776954403322442,-7.087155907348428
rings,0,1,-7.776954403322442,-7.087155907348428
pleasure,0,1,-7.776954403322442,-7.087155907348428
itfriendly,0,1,-7.776954403322442,-7.087155907348428
imaginative,0,1,-7.776954403322442,-7.087155907348428
editing,1,0,-7.083807222762497,-7.780303087908373
pink,0,1,-7.776954403322442,-7.087155907348428
across,0,1,-7.776954403322442,-7.087155907348428
grab,1,0,-7.083807222762497,-7.780303087908373
pub,1,0,-7.083807222762497,-7.780303087908373
ownerchef,0,1,-7.776954403322442,-7.087155907348428
japanese,0,1,-7.776954403322442,-7.087155907348428
dude,0,1,-7.776954403322442,-7.087155907348428
cause,1,0,-7.083807222762497,-7.780303087908373
owned,1,0,-7.083807222762497,-7.780303087908373
jamaican,0,1,-7.776954403322442,-7.087155907348428
mojitos,0,1,-7.776954403322442,-7.087155907348428
ribeye,0,1,-7.776954403322442,-7.087155907348428
mesquite,0,1,-7.776954403322442,-7.087155907348428
